area,year,jan,feb,mar,apr,may,jun,jul,aug,sep,oct,nov,dec,total
Amnat Charoen,2011,0.0,0.0,0.0,0.0,0.0,0.0,0.0,0.0,0.0,0.0,0.0,0.0,0.0
Amnat Charoen,2012,0.0,0.0,0.0,0.0,0.0,0.0,0.0,0.0,0.0,0.0,0.0,0.0,0.0
Amnat Charoen,2013,0.0,0.0,0.0,2.66881595311424e-06,2.66881595311424e-06,0.0,0.0,0.0,0.0,0.0,0.0,0.0,5.33763190622848e-06
Amnat Charoen,2014,0.0,0.0,0.0,0.0,0.0,0.0,0.0,0.0,0.0,0.0,0.0,0.0,0.0
Amnat Charoen,2015,0.0,0.0,0.0,0.0,0.0,2.65687519594455e-06,0.0,0.0,0.0,0.0,0.0,0.0,2.65687519594455e-06
Amnat Charoen,2016,0.0,0.0,0.0,0.0,2.65167585914298e-06,0.0,0.0,0.0,0.0,0.0,0.0,0.0,2.65167585914298e-06
Amnat Charoen,2017,0.0,0.0,0.0,0.0,0.0,0.0,0.0,0.0,0.0,0.0,0.0,0.0,0.0
Amnat Charoen,2018,0.0,0.0,0.0,0.0,0.0,0.0,0.0,0.0,0.0,0.0,0.0,0.0,0.0
Amnat Charoen,2019,0.0,0.0,0.0,0.0,0.0,0.0,0.0,0.0,0.0,0.0,0.0,0.0,0.0
Amnat Charoen,2020,0.0,0.0,0.0,0.0,0.0,0.0,0.0,0.0,0.0,0.0,0.0,0.0,0.0
Ang Thong,2011,0.0,0.0,0.0,0.0,0.0,0.0,0.0,0.0,0.0,0.0,0.0,0.0,0.0
Ang Thong,2012,0.0,0.0,0.0,0.0,0.0,0.0,0.0,0.0,0.0,0.0,0.0,0.0,0.0
Ang Thong,2013,0.0,0.0,0.0,0.0,0.0,0.0,0.0,0.0,0.0,0.0,0.0,0.0,0.0
Ang Thong,2014,0.0,0.0,0.0,0.0,0.0,0.0,0.0,0.0,0.0,0.0,0.0,0.0,0.0
Ang Thong,2015,0.0,0.0,0.0,0.0,0.0,0.0,0.0,0.0,0.0,0.0,0.0,0.0,0.0
Ang Thong,2016,0.0,0.0,0.0,0.0,0.0,0.0,0.0,0.0,0.0,0.0,0.0,0.0,0.0
Ang Thong,2017,0.0,0.0,0.0,0.0,0.0,0.0,0.0,0.0,0.0,0.0,0.0,0.0,0.0
Ang Thong,2018,0.0,0.0,0.0,0.0,0.0,0.0,0.0,0.0,0.0,0.0,0.0,0.0,0.0
Ang Thong,2019,0.0,0.0,0.0,0.0,0.0,0.0,0.0,0.0,0.0,0.0,0.0,0.0,0.0
Ang Thong,2020,0.0,0.0,0.0,0.0,0.0,0.0,0.0,3.61553813669627e-06,0.0,0.0,0.0,0.0,3.61553813669627e-06
Bangkok,2011,1.76216328804163e-07,0.0,0.0,1.76216328804163e-07,0.0,3.52432657608325e-07,1.76216328804163e-07,1.76216328804163e-07,0.0,0.0,0.0,0.0,1.057297972824976e-06
Bangkok,2012,1.76256177779031e-07,0.0,0.0,0.0,0.0,1.76256177779031e-07,0.0,1.76256177779031e-07,1.76256177779031e-07,0.0,3.52512355558062e-07,0.0,1.057537066674187e-06
Bangkok,2013,1.75862765139498e-07,0.0,0.0,0.0,0.0,1.75862765139498e-07,0.0,0.0,0.0,0.0,0.0,0.0,3.51725530278996e-07
Bangkok,2014,0.0,0.0,0.0,0.0,0.0,0.0,0.0,0.0,0.0,0.0,0.0,0.0,0.0
Bangkok,2015,0.0,0.0,0.0,0.0,0.0,0.0,0.0,0.0,0.0,1.75549192482492e-07,1.75549192482492e-07,1.75549192482492e-07,5.26647577447476e-07
Bangkok,2016,0.0,0.0,0.0,0.0,0.0,0.0,0.0,0.0,0.0,0.0,0.0,0.0,0.0
Bangkok,2017,0.0,0.0,0.0,0.0,0.0,0.0,1.75981514901675e-07,0.0,1.75981514901675e-07,1.75981514901675e-07,3.5196302980335e-07,1.75981514901675e-07,1.055889089410048e-06
Bangkok,2018,1.76160297414953e-07,0.0,0.0,0.0,1.76160297414953e-07,5.2848089224486e-07,5.2848089224486e-07,1.76160297414953e-07,1.76160297414953e-07,0.0,0.0,0.0,1.7616029741495329e-06
Bangkok,2019,1.76483128918808e-07,1.76483128918808e-07,0.0,0.0,0.0,0.0,3.52966257837616e-07,3.52966257837616e-07,0.0,1.76483128918808e-07,5.29449386756424e-07,0.0,1.764831289188078e-06
Bangkok,2020,0.0,0.0,0.0,0.0,0.0,0.0,0.0,0.0,0.0,0.0,0.0,0.0,0.0
Bungkan,2011,0.0,0.0,0.0,0.0,0.0,0.0,0.0,0.0,0.0,0.0,0.0,0.0,0.0
Bungkan,2012,0.0,0.0,0.0,0.0,0.0,0.0,0.0,0.0,0.0,0.0,0.0,0.0,0.0
Bungkan,2013,0.0,0.0,0.0,0.0,0.0,0.0,2.40248320664239e-06,2.40248320664239e-06,0.0,0.0,0.0,0.0,4.80496641328477e-06
Bungkan,2014,0.0,0.0,0.0,0.0,0.0,0.0,0.0,0.0,0.0,0.0,0.0,0.0,0.0
Bungkan,2015,0.0,0.0,0.0,0.0,0.0,0.0,0.0,0.0,0.0,0.0,0.0,0.0,0.0
Bungkan,2016,0.0,0.0,0.0,0.0,0.0,0.0,0.0,0.0,0.0,0.0,0.0,0.0,0.0
Bungkan,2017,0.0,0.0,0.0,0.0,0.0,0.0,0.0,0.0,0.0,0.0,0.0,0.0,0.0
Bungkan,2018,0.0,0.0,0.0,0.0,0.0,0.0,0.0,0.0,0.0,0.0,0.0,0.0,0.0
Bungkan,2019,0.0,0.0,0.0,0.0,4.71596897835606e-06,4.71596897835606e-06,0.0,0.0,0.0,0.0,0.0,0.0,9.43193795671212e-06
Bungkan,2020,0.0,0.0,0.0,0.0,0.0,0.0,0.0,0.0,0.0,0.0,0.0,0.0,0.0
Buri Ram,2011,0.0,0.0,0.0,0.0,6.41401847878724e-07,0.0,0.0,0.0,0.0,0.0,0.0,0.0,6.41401847878724e-07
Buri Ram,2012,0.0,0.0,0.0,0.0,0.0,0.0,0.0,0.0,0.0,0.0,0.0,0.0,0.0
Buri Ram,2013,0.0,0.0,0.0,0.0,0.0,0.0,6.35550940043395e-07,6.35550940043395e-07,0.0,0.0,6.35550940043395e-07,0.0,1.90665282013019e-06
Buri Ram,2014,0.0,0.0,0.0,0.0,0.0,0.0,0.0,0.0,0.0,6.33212769621997e-07,0.0,0.0,6.33212769621997e-07
Buri Ram,2015,0.0,0.0,0.0,0.0,0.0,0.0,6.31049795508314e-07,0.0,0.0,0.0,0.0,0.0,6.31049795508314e-07
Buri Ram,2016,0.0,0.0,6.29763769312493e-07,6.29763769312493e-07,0.0,0.0,0.0,0.0,0.0,0.0,0.0,0.0,1.25952753862499e-06
Buri Ram,2017,0.0,0.0,0.0,0.0,0.0,0.0,0.0,0.0,0.0,0.0,0.0,0.0,0.0
Buri Ram,2018,0.0,0.0,0.0,0.0,0.0,0.0,0.0,0.0,0.0,0.0,0.0,0.0,0.0
Buri Ram,2019,0.0,0.0,0.0,0.0,0.0,6.26665755912435e-07,0.0,6.26665755912435e-07,6.26665755912435e-07,0.0,0.0,0.0,1.8799972677373048e-06
Buri Ram,2020,0.0,0.0,0.0,0.0,0.0,0.0,0.0,0.0,0.0,0.0,0.0,0.0,0.0
Chachoengsao,2011,0.0,0.0,0.0,0.0,0.0,0.0,0.0,0.0,1.47195195548817e-06,1.47195195548817e-06,0.0,0.0,2.94390391097634e-06
Chachoengsao,2012,0.0,0.0,0.0,0.0,0.0,1.45831905395926e-06,0.0,0.0,0.0,0.0,0.0,0.0,1.45831905395926e-06
Chachoengsao,2013,0.0,0.0,0.0,1.44880082755503e-06,0.0,0.0,0.0,0.0,0.0,0.0,0.0,0.0,1.44880082755503e-06
Chachoengsao,2014,0.0,0.0,0.0,0.0,0.0,0.0,0.0,0.0,0.0,0.0,0.0,0.0,0.0
Chachoengsao,2015,0.0,0.0,0.0,0.0,0.0,0.0,1.42673298121563e-06,1.42673298121563e-06,2.85346596243126e-06,1.42673298121563e-06,1.42673298121563e-06,0.0,8.560397887293801e-06
Chachoengsao,2016,0.0,0.0,0.0,0.0,0.0,0.0,0.0,0.0,0.0,0.0,0.0,0.0,0.0
Chachoengsao,2017,0.0,0.0,0.0,0.0,0.0,0.0,1.40867093306137e-06,0.0,0.0,0.0,0.0,0.0,1.40867093306137e-06
Chachoengsao,2018,0.0,0.0,0.0,0.0,0.0,2.79716758810029e-06,0.0,1.39858379405014e-06,0.0,0.0,0.0,0.0,4.19575138215043e-06
Chachoengsao,2019,0.0,0.0,2.77734188939791e-06,0.0,0.0,0.0,0.0,0.0,0.0,0.0,0.0,0.0,2.77734188939791e-06
Chachoengsao,2020,0.0,0.0,0.0,0.0,0.0,0.0,0.0,0.0,0.0,0.0,0.0,0.0,0.0
Chai Nat,2011,0.0,0.0,0.0,0.0,0.0,0.0,0.0,0.0,0.0,0.0,0.0,0.0,0.0
Chai Nat,2012,0.0,0.0,0.0,0.0,0.0,0.0,0.0,0.0,0.0,0.0,3.0014527031083e-06,0.0,3.0014527031083e-06
Chai Nat,2013,0.0,0.0,0.0,0.0,0.0,0.0,0.0,0.0,0.0,0.0,0.0,0.0,0.0
Chai Nat,2014,0.0,0.0,0.0,0.0,0.0,0.0,0.0,0.0,0.0,0.0,0.0,0.0,0.0
Chai Nat,2015,0.0,0.0,0.0,0.0,0.0,0.0,3.01518143854306e-06,0.0,0.0,0.0,0.0,0.0,3.01518143854306e-06
Chai Nat,2016,0.0,0.0,0.0,0.0,0.0,0.0,0.0,0.0,0.0,0.0,0.0,0.0,0.0
Chai Nat,2017,0.0,0.0,0.0,0.0,0.0,0.0,0.0,0.0,0.0,0.0,0.0,0.0,0.0
Chai Nat,2018,0.0,0.0,0.0,0.0,0.0,0.0,0.0,0.0,0.0,0.0,0.0,0.0,0.0
Chai Nat,2019,0.0,0.0,0.0,0.0,0.0,0.0,0.0,3.06174623634844e-06,0.0,0.0,0.0,0.0,3.06174623634844e-06
Chai Nat,2020,0.0,0.0,0.0,0.0,0.0,0.0,0.0,0.0,0.0,0.0,0.0,0.0,0.0
Chaiyaphum,2011,0.0,0.0,0.0,0.0,0.0,0.0,0.0,0.0,0.0,0.0,0.0,0.0,0.0
Chaiyaphum,2012,0.0,0.0,0.0,0.0,0.0,0.0,8.82586047726723e-07,0.0,0.0,0.0,0.0,0.0,8.82586047726723e-07
Chaiyaphum,2013,0.0,0.0,0.0,0.0,0.0,0.0,0.0,0.0,0.0,0.0,0.0,0.0,0.0
Chaiyaphum,2014,0.0,0.0,0.0,0.0,0.0,0.0,0.0,0.0,0.0,0.0,0.0,0.0,0.0
Chaiyaphum,2015,0.0,0.0,0.0,0.0,0.0,0.0,0.0,0.0,8.78540077241244e-07,8.78540077241244e-07,0.0,0.0,1.757080154482488e-06
Chaiyaphum,2016,0.0,0.0,0.0,0.0,0.0,0.0,0.0,0.0,0.0,0.0,0.0,0.0,0.0
Chaiyaphum,2017,0.0,0.0,0.0,0.0,0.0,0.0,0.0,0.0,0.0,0.0,0.0,0.0,0.0
Chaiyaphum,2018,0.0,0.0,0.0,0.0,0.0,0.0,0.0,0.0,0.0,0.0,0.0,0.0,0.0
Chaiyaphum,2019,0.0,0.0,0.0,0.0,0.0,0.0,8.79231411069699e-07,0.0,0.0,8.79231411069699e-07,0.0,0.0,1.7584628221394e-06
Chaiyaphum,2020,0.0,0.0,0.0,0.0,0.0,0.0,0.0,0.0,0.0,0.0,0.0,0.0,0.0
Chanthaburi,2011,0.0,0.0,0.0,0.0,0.0,0.0,0.0,0.0,0.0,0.0,0.0,0.0,0.0
Chanthaburi,2012,0.0,0.0,0.0,0.0,0.0,0.0,0.0,0.0,0.0,0.0,0.0,0.0,0.0
Chanthaburi,2013,0.0,0.0,0.0,0.0,0.0,1.90745050165948e-06,0.0,0.0,0.0,0.0,0.0,0.0,1.90745050165948e-06
Chanthaburi,2014,0.0,0.0,0.0,0.0,1.89627382193989e-06,0.0,0.0,0.0,0.0,0.0,0.0,0.0,1.89627382193989e-06
Chanthaburi,2015,0.0,0.0,0.0,0.0,0.0,0.0,0.0,0.0,1.88310795669605e-06,0.0,0.0,0.0,1.88310795669605e-06
Chanthaburi,2016,0.0,0.0,0.0,0.0,0.0,0.0,0.0,0.0,0.0,0.0,0.0,0.0,0.0
Chanthaburi,2017,0.0,0.0,0.0,0.0,0.0,0.0,0.0,0.0,0.0,0.0,0.0,0.0,0.0
Chanthaburi,2018,0.0,0.0,0.0,0.0,0.0,0.0,0.0,0.0,0.0,0.0,0.0,0.0,0.0
Chanthaburi,2019,0.0,0.0,0.0,0.0,0.0,0.0,3.71956005043723e-06,0.0,1.85978002521862e-06,0.0,0.0,0.0,5.57934007565585e-06
Chanthaburi,2020,0.0,0.0,0.0,0.0,0.0,0.0,0.0,0.0,0.0,0.0,0.0,0.0,0.0
Chiang Mai,2011,6.07480269040862e-07,0.0,0.0,0.0,0.0,0.0,0.0,0.0,0.0,0.0,6.07480269040862e-07,0.0,1.21496053808172e-06
Chiang Mai,2012,0.0,0.0,0.0,0.0,0.0,0.0,0.0,6.03995308164446e-07,0.0,6.03995308164446e-07,0.0,0.0,1.20799061632889e-06
Chiang Mai,2013,5.99920330580099e-07,0.0,0.0,5.99920330580099e-07,5.99920330580099e-07,1.199840661160198e-06,1.799760991740299e-06,0.0,0.0,0.0,0.0,0.0,4.7993626446408e-06
Chiang Mai,2014,0.0,0.0,0.0,0.0,0.0,0.0,0.0,0.0,5.95846710091975e-07,0.0,0.0,0.0,5.95846710091975e-07
Chiang Mai,2015,0.0,0.0,0.0,0.0,0.0,5.78622669741853e-07,0.0,0.0,1.15724533948371e-06,5.78622669741853e-07,0.0,0.0,2.31449067896741e-06
Chiang Mai,2016,0.0,0.0,0.0,0.0,0.0,0.0,1.152231699968084e-06,5.76115849984042e-07,1.15223169996808e-06,0.0,0.0,0.0,2.880579249920212e-06
Chiang Mai,2017,5.72462274736095e-07,0.0,0.0,0.0,0.0,5.72462274736095e-07,1.7173868242082849e-06,0.0,0.0,5.72462274736095e-07,5.72462274736095e-07,0.0,4.00723592315266e-06
Chiang Mai,2018,0.0,0.0,0.0,0.0,0.0,0.0,5.66976349148572e-07,0.0,0.0,0.0,0.0,0.0,5.66976349148572e-07
Chiang Mai,2019,0.0,0.0,0.0,0.0,0.0,5.62033301597186e-07,5.62033301597186e-07,2.24813320638874e-06,1.12406660319437e-06,0.0,0.0,0.0,4.49626641277749e-06
Chiang Mai,2020,0.0,0.0,0.0,0.0,0.0,5.60421885595476e-07,0.0,0.0,0.0,0.0,0.0,0.0,5.60421885595476e-07
Chiang Rai,2011,0.0,0.0,0.0,0.0,0.0,8.34267713172086e-07,0.0,0.0,0.0,0.0,0.0,0.0,8.34267713172086e-07
Chiang Rai,2012,0.0,0.0,0.0,0.0,0.0,0.0,0.0,0.0,0.0,0.0,0.0,0.0,0.0
Chiang Rai,2013,0.0,0.0,0.0,0.0,0.0,3.32043896203078e-06,1.66021948101539e-06,2.49032922152309e-06,0.0,0.0,0.0,0.0,7.47098766456926e-06
Chiang Rai,2014,0.0,0.0,0.0,0.0,0.0,0.0,0.0,0.0,0.0,0.0,0.0,0.0,0.0
Chiang Rai,2015,0.0,0.0,0.0,0.0,0.0,0.0,0.0,0.0,0.0,0.0,0.0,0.0,0.0
Chiang Rai,2016,0.0,0.0,0.0,0.0,0.0,0.0,0.0,7.79700345563193e-07,0.0,0.0,0.0,0.0,7.79700345563193e-07
Chiang Rai,2017,0.0,0.0,0.0,0.0,0.0,0.0,7.76629660263355e-07,0.0,0.0,0.0,0.0,0.0,7.76629660263355e-07
Chiang Rai,2018,0.0,0.0,0.0,0.0,0.0,0.0,0.0,0.0,7.73915937250896e-07,0.0,0.0,0.0,7.73915937250896e-07
Chiang Rai,2019,0.0,0.0,0.0,0.0,0.0,0.0,0.0,0.0,0.0,0.0,0.0,0.0,0.0
Chiang Rai,2020,0.0,0.0,0.0,0.0,0.0,0.0,7.72185268867189e-07,0.0,0.0,7.72185268867189e-07,0.0,0.0,1.544370537734378e-06
Chon Buri,2011,0.0,0.0,0.0,0.0,0.0,0.0,0.0,0.0,0.0,0.0,0.0,0.0,0.0
Chon Buri,2012,7.33136754931444e-07,0.0,0.0,0.0,0.0,0.0,7.33136754931444e-07,7.33136754931444e-07,0.0,7.33136754931444e-07,0.0,0.0,2.932547019725774e-06
Chon Buri,2013,0.0,0.0,7.19241286751432e-07,0.0,0.0,0.0,0.0,0.0,1.43848257350286e-06,0.0,0.0,0.0,2.1577238602542923e-06
Chon Buri,2014,0.0,7.0351935557627e-07,0.0,0.0,0.0,0.0,0.0,7.0351935557627e-07,0.0,0.0,1.40703871115254e-06,2.11055806672881e-06,4.92463548903389e-06
Chon Buri,2015,6.8726680178332e-07,0.0,6.8726680178332e-07,6.8726680178332e-07,6.8726680178332e-07,0.0,1.37453360356664e-06,0.0,1.37453360356664e-06,1.37453360356664e-06,2.06180040534996e-06,0.0,8.93446842318316e-06
Chon Buri,2016,0.0,0.0,0.0,0.0,0.0,0.0,0.0,0.0,0.0,6.74286554254108e-07,0.0,0.0,6.74286554254108e-07
Chon Buri,2017,0.0,0.0,0.0,0.0,0.0,0.0,0.0,6.62635633231177e-07,0.0,0.0,0.0,0.0,6.62635633231177e-07
Chon Buri,2018,0.0,0.0,0.0,0.0,6.51276991360811e-07,6.51276991360811e-07,0.0,0.0,6.51276991360811e-07,0.0,0.0,0.0,1.95383097408243e-06
Chon Buri,2019,6.4172454487291e-07,0.0,1.28344908974582e-06,0.0,0.0,6.4172454487291e-07,6.4172454487291e-07,0.0,0.0,0.0,0.0,0.0,3.20862272436455e-06
Chon Buri,2020,0.0,0.0,0.0,0.0,0.0,6.38208930457564e-07,0.0,0.0,6.38208930457564e-07,0.0,0.0,0.0,1.276417860915128e-06
Chumphon,2011,0.0,0.0,0.0,0.0,0.0,0.0,0.0,0.0,0.0,0.0,2.0317687359554e-06,0.0,2.0317687359554e-06
Chumphon,2012,0.0,0.0,0.0,0.0,0.0,0.0,0.0,0.0,0.0,0.0,0.0,2.01893763501645e-06,2.01893763501645e-06
Chumphon,2013,0.0,0.0,0.0,0.0,2.00684736320325e-06,4.0136947264065e-06,0.0,2.00684736320325e-06,0.0,0.0,0.0,0.0,8.027389452813e-06
Chumphon,2014,0.0,0.0,0.0,0.0,0.0,0.0,0.0,0.0,0.0,0.0,0.0,0.0,0.0
Chumphon,2015,0.0,0.0,0.0,0.0,0.0,0.0,0.0,0.0,0.0,0.0,0.0,0.0,0.0
Chumphon,2016,0.0,0.0,0.0,0.0,0.0,0.0,0.0,0.0,0.0,0.0,0.0,0.0,0.0
Chumphon,2017,0.0,0.0,1.9621308741293e-06,0.0,1.9621308741293e-06,0.0,0.0,0.0,0.0,0.0,0.0,0.0,3.92426174825861e-06
Chumphon,2018,0.0,0.0,0.0,0.0,0.0,0.0,1.95708886944847e-06,0.0,0.0,0.0,0.0,0.0,1.95708886944847e-06
Chumphon,2019,0.0,0.0,0.0,0.0,0.0,0.0,0.0,1.95578364339023e-06,0.0,0.0,0.0,0.0,1.95578364339023e-06
Chumphon,2020,0.0,0.0,0.0,0.0,0.0,0.0,0.0,0.0,0.0,1.96383403245825e-06,0.0,0.0,1.96383403245825e-06
Kalasin,2011,0.0,0.0,0.0,0.0,0.0,0.0,0.0,0.0,0.0,0.0,0.0,0.0,0.0
Kalasin,2012,0.0,0.0,0.0,0.0,0.0,0.0,0.0,0.0,0.0,0.0,0.0,0.0,0.0
Kalasin,2013,0.0,0.0,0.0,0.0,0.0,1.01622918000467e-06,1.01622918000467e-06,0.0,0.0,0.0,0.0,0.0,2.03245836000935e-06
Kalasin,2014,0.0,0.0,0.0,0.0,0.0,0.0,0.0,0.0,0.0,0.0,0.0,0.0,0.0
Kalasin,2015,0.0,0.0,0.0,0.0,0.0,0.0,0.0,0.0,0.0,0.0,0.0,0.0,0.0
Kalasin,2016,0.0,0.0,0.0,0.0,0.0,0.0,0.0,0.0,0.0,0.0,0.0,0.0,0.0
Kalasin,2017,0.0,0.0,0.0,0.0,0.0,0.0,0.0,0.0,0.0,0.0,0.0,0.0,0.0
Kalasin,2018,0.0,0.0,0.0,0.0,0.0,1.01487193331074e-06,0.0,1.01487193331074e-06,0.0,0.0,0.0,0.0,2.02974386662147e-06
Kalasin,2019,0.0,0.0,0.0,0.0,0.0,0.0,1.0168615990352e-06,0.0,0.0,0.0,1.0168615990352e-06,0.0,2.0337231980704e-06
Kalasin,2020,0.0,0.0,0.0,0.0,0.0,0.0,0.0,0.0,0.0,0.0,0.0,0.0,0.0
Kamphaeng Phet,2011,0.0,0.0,0.0,0.0,0.0,0.0,0.0,2.7547867863897e-06,0.0,0.0,0.0,1.37739339319485e-06,4.13218017958455e-06
Kamphaeng Phet,2012,0.0,0.0,0.0,0.0,1.37446653517603e-06,0.0,0.0,0.0,0.0,0.0,0.0,0.0,1.37446653517603e-06
Kamphaeng Phet,2013,0.0,0.0,0.0,1.37243680271633e-06,0.0,0.0,0.0,0.0,0.0,0.0,0.0,0.0,1.37243680271633e-06
Kamphaeng Phet,2014,0.0,0.0,0.0,0.0,0.0,1.37076058021554e-06,0.0,0.0,0.0,0.0,0.0,0.0,1.37076058021554e-06
Kamphaeng Phet,2015,0.0,0.0,0.0,0.0,0.0,0.0,0.0,0.0,0.0,0.0,0.0,1.36956658695789e-06,1.36956658695789e-06
Kamphaeng Phet,2016,0.0,0.0,0.0,0.0,0.0,0.0,0.0,0.0,0.0,0.0,0.0,0.0,0.0
Kamphaeng Phet,2017,0.0,0.0,0.0,0.0,1.37149189516865e-06,0.0,0.0,1.37149189516865e-06,0.0,0.0,0.0,0.0,2.7429837903373e-06
Kamphaeng Phet,2018,0.0,0.0,0.0,0.0,0.0,0.0,0.0,2.74798126426374e-06,0.0,0.0,0.0,0.0,2.74798126426374e-06
Kamphaeng Phet,2019,0.0,0.0,0.0,1.37766285008135e-06,0.0,0.0,0.0,0.0,0.0,0.0,0.0,0.0,1.37766285008135e-06
Kamphaeng Phet,2020,0.0,0.0,0.0,0.0,0.0,0.0,0.0,0.0,0.0,0.0,0.0,0.0,0.0
Kanchanaburi,2011,0.0,1.19201729855504e-06,0.0,0.0,0.0,0.0,0.0,0.0,0.0,2.38403459711007e-06,0.0,0.0,3.57605189566511e-06
Kanchanaburi,2012,0.0,0.0,0.0,0.0,0.0,0.0,0.0,1.19293448761674e-06,0.0,0.0,0.0,0.0,1.19293448761674e-06
Kanchanaburi,2013,0.0,0.0,0.0,0.0,0.0,0.0,1.18640568905256e-06,0.0,0.0,0.0,0.0,0.0,1.18640568905256e-06
Kanchanaburi,2014,0.0,0.0,0.0,0.0,0.0,0.0,0.0,0.0,0.0,0.0,0.0,0.0,0.0
Kanchanaburi,2015,0.0,0.0,0.0,0.0,0.0,0.0,3.40079760039721e-06,2.2671984002648e-06,0.0,0.0,0.0,0.0,5.66799600066201e-06
Kanchanaburi,2016,1.12980052241976e-06,0.0,0.0,0.0,0.0,0.0,0.0,0.0,0.0,0.0,0.0,0.0,1.12980052241976e-06
Kanchanaburi,2017,0.0,0.0,0.0,0.0,0.0,0.0,0.0,0.0,0.0,0.0,0.0,0.0,0.0
Kanchanaburi,2018,0.0,0.0,1.11963150687846e-06,0.0,0.0,0.0,0.0,0.0,0.0,0.0,0.0,0.0,1.11963150687846e-06
Kanchanaburi,2019,0.0,0.0,0.0,0.0,0.0,0.0,0.0,0.0,0.0,0.0,0.0,0.0,0.0
Kanchanaburi,2020,0.0,0.0,0.0,0.0,0.0,0.0,0.0,0.0,0.0,0.0,0.0,0.0,0.0
Khon Kaen,2011,0.0,1.132460508270926e-06,5.66230254135463e-07,0.0,0.0,0.0,0.0,0.0,0.0,0.0,0.0,5.66230254135463e-07,2.26492101654186e-06
Khon Kaen,2012,0.0,0.0,0.0,0.0,0.0,0.0,0.0,0.0,0.0,0.0,0.0,0.0,0.0
Khon Kaen,2013,0.0,0.0,0.0,0.0,0.0,5.61275892358509e-07,1.122551784717018e-06,0.0,0.0,0.0,0.0,0.0,1.6838276770755289e-06
Khon Kaen,2014,0.0,0.0,0.0,0.0,0.0,0.0,0.0,0.0,0.0,0.0,0.0,0.0,0.0
Khon Kaen,2015,0.0,0.0,0.0,0.0,0.0,5.56169195567999e-07,0.0,0.0,1.112338391136e-06,0.0,1.112338391136e-06,0.0,2.78084597783999e-06
Khon Kaen,2016,0.0,0.0,0.0,0.0,0.0,5.55015032582157e-07,0.0,0.0,0.0,0.0,0.0,0.0,5.55015032582157e-07
Khon Kaen,2017,0.0,0.0,0.0,0.0,0.0,0.0,0.0,0.0,0.0,0.0,0.0,0.0,0.0
Khon Kaen,2018,0.0,0.0,0.0,0.0,0.0,0.0,0.0,5.5374205034069e-07,0.0,0.0,0.0,5.5374205034069e-07,1.10748410068138e-06
Khon Kaen,2019,0.0,5.5467054788138e-07,0.0,0.0,5.5467054788138e-07,5.5467054788138e-07,0.0,0.0,0.0,5.5467054788138e-07,0.0,0.0,2.21868219152552e-06
Khon Kaen,2020,0.0,0.0,5.57248662742522e-07,0.0,0.0,5.57248662742522e-07,0.0,0.0,0.0,0.0,0.0,0.0,1.114497325485044e-06
Krabi,2011,0.0,0.0,0.0,0.0,0.0,0.0,0.0,0.0,2.28290175075735e-06,0.0,0.0,0.0,2.28290175075735e-06
Krabi,2012,0.0,0.0,0.0,0.0,0.0,0.0,0.0,0.0,0.0,0.0,0.0,0.0,0.0
Krabi,2013,0.0,0.0,0.0,0.0,2.21783583579143e-06,0.0,2.21783583579143e-06,0.0,0.0,0.0,0.0,0.0,4.43567167158287e-06
Krabi,2014,0.0,0.0,0.0,0.0,0.0,0.0,0.0,0.0,0.0,0.0,0.0,0.0,0.0
Krabi,2015,0.0,2.16402907589466e-06,2.16402907589466e-06,0.0,0.0,0.0,0.0,4.32805815178933e-06,0.0,0.0,0.0,0.0,8.65611630357866e-06
Krabi,2016,0.0,0.0,0.0,0.0,0.0,0.0,2.14624053776203e-06,0.0,0.0,0.0,0.0,0.0,2.14624053776203e-06
Krabi,2017,0.0,0.0,0.0,2.12870581072825e-06,0.0,0.0,0.0,0.0,0.0,0.0,0.0,0.0,2.12870581072825e-06
Krabi,2018,0.0,0.0,2.11087140993545e-06,0.0,0.0,0.0,0.0,0.0,2.11087140993545e-06,0.0,0.0,0.0,4.2217428198709e-06
Krabi,2019,0.0,0.0,0.0,2.09758379322858e-06,0.0,0.0,0.0,0.0,0.0,0.0,0.0,0.0,2.09758379322858e-06
Krabi,2020,0.0,0.0,0.0,0.0,0.0,0.0,0.0,0.0,0.0,0.0,0.0,0.0,0.0
Lampang,2011,0.0,0.0,0.0,0.0,0.0,0.0,0.0,0.0,0.0,0.0,0.0,0.0,0.0
Lampang,2012,0.0,0.0,0.0,0.0,0.0,0.0,0.0,0.0,0.0,0.0,0.0,0.0,0.0
Lampang,2013,0.0,0.0,0.0,0.0,0.0,0.0,1.32474545016175e-06,1.32474545016175e-06,0.0,0.0,0.0,0.0,2.6494909003235e-06
Lampang,2014,0.0,0.0,0.0,0.0,0.0,0.0,0.0,0.0,0.0,0.0,0.0,0.0,0.0
Lampang,2015,0.0,0.0,0.0,0.0,0.0,0.0,0.0,0.0,0.0,0.0,0.0,0.0,0.0
Lampang,2016,0.0,0.0,0.0,0.0,0.0,0.0,0.0,0.0,0.0,0.0,0.0,0.0,0.0
Lampang,2017,0.0,0.0,0.0,0.0,0.0,0.0,0.0,0.0,0.0,0.0,0.0,0.0,0.0
Lampang,2018,0.0,0.0,0.0,0.0,0.0,0.0,0.0,0.0,0.0,0.0,0.0,0.0,0.0
Lampang,2019,0.0,0.0,0.0,0.0,0.0,0.0,0.0,0.0,0.0,0.0,0.0,0.0,0.0
Lampang,2020,0.0,0.0,0.0,0.0,0.0,0.0,1.37180985617945e-06,0.0,0.0,0.0,0.0,0.0,1.37180985617945e-06
Lamphun,2011,0.0,0.0,0.0,0.0,0.0,0.0,0.0,0.0,0.0,0.0,0.0,0.0,0.0
Lamphun,2012,0.0,0.0,0.0,0.0,0.0,0.0,0.0,0.0,0.0,2.47113101195286e-06,0.0,0.0,2.47113101195286e-06
Lamphun,2013,0.0,0.0,0.0,2.46750298567861e-06,0.0,0.0,0.0,0.0,0.0,0.0,0.0,0.0,2.46750298567861e-06
Lamphun,2014,0.0,0.0,0.0,0.0,0.0,0.0,0.0,0.0,0.0,0.0,0.0,0.0,0.0
Lamphun,2015,0.0,0.0,0.0,0.0,0.0,0.0,0.0,0.0,0.0,0.0,0.0,0.0,0.0
Lamphun,2016,0.0,0.0,0.0,0.0,0.0,0.0,0.0,0.0,2.46306025384299e-06,0.0,0.0,2.46306025384299e-06,4.92612050768598e-06
Lamphun,2017,0.0,0.0,0.0,0.0,0.0,0.0,0.0,0.0,0.0,0.0,0.0,0.0,0.0
Lamphun,2018,0.0,0.0,0.0,0.0,0.0,0.0,0.0,0.0,0.0,0.0,0.0,0.0,0.0
Lamphun,2019,0.0,0.0,0.0,0.0,0.0,0.0,0.0,2.46867863975807e-06,0.0,0.0,0.0,0.0,2.46867863975807e-06
Lamphun,2020,0.0,0.0,0.0,0.0,0.0,0.0,0.0,0.0,0.0,0.0,0.0,0.0,0.0
Loei,2011,0.0,0.0,0.0,0.0,0.0,0.0,1.60020482621776e-06,0.0,0.0,0.0,0.0,0.0,1.60020482621776e-06
Loei,2012,0.0,0.0,0.0,0.0,1.58783842791293e-06,0.0,0.0,0.0,0.0,0.0,0.0,0.0,1.58783842791293e-06
Loei,2013,0.0,1.58176540837228e-06,0.0,3.16353081674457e-06,4.74529622511685e-06,0.0,0.0,0.0,0.0,0.0,1.58176540837228e-06,0.0,1.107235785860599e-05
Loei,2014,0.0,0.0,0.0,0.0,0.0,0.0,0.0,0.0,0.0,0.0,0.0,0.0,0.0
Loei,2015,0.0,0.0,0.0,0.0,0.0,0.0,0.0,0.0,0.0,0.0,1.56538863120853e-06,0.0,1.56538863120853e-06
Loei,2016,0.0,0.0,0.0,0.0,0.0,1.56298599095656e-06,0.0,0.0,0.0,0.0,0.0,0.0,1.56298599095656e-06
Loei,2017,0.0,0.0,0.0,0.0,0.0,0.0,0.0,0.0,0.0,0.0,0.0,0.0,0.0
Loei,2018,0.0,0.0,0.0,0.0,0.0,0.0,0.0,0.0,0.0,0.0,0.0,0.0,0.0
Loei,2019,0.0,0.0,0.0,0.0,0.0,3.11066179329652e-06,0.0,0.0,0.0,0.0,0.0,0.0,3.11066179329652e-06
Loei,2020,0.0,0.0,0.0,0.0,0.0,0.0,0.0,0.0,0.0,0.0,0.0,0.0,0.0
Lop Buri,2011,0.0,0.0,0.0,0.0,0.0,0.0,0.0,0.0,0.0,0.0,0.0,0.0,0.0
Lop Buri,2012,0.0,0.0,0.0,0.0,0.0,0.0,0.0,0.0,0.0,0.0,0.0,0.0,0.0
Lop Buri,2013,0.0,0.0,0.0,0.0,0.0,0.0,0.0,0.0,0.0,0.0,0.0,0.0,0.0
Lop Buri,2014,0.0,0.0,0.0,0.0,0.0,0.0,0.0,0.0,0.0,0.0,0.0,0.0,0.0
Lop Buri,2015,0.0,1.31812220310945e-06,0.0,0.0,0.0,0.0,0.0,0.0,1.31812220310945e-06,0.0,0.0,1.31812220310945e-06,3.95436660932835e-06
Lop Buri,2016,0.0,0.0,0.0,0.0,0.0,0.0,0.0,0.0,0.0,0.0,0.0,0.0,0.0
Lop Buri,2017,0.0,0.0,0.0,0.0,0.0,0.0,0.0,0.0,0.0,0.0,0.0,0.0,0.0
Lop Buri,2018,0.0,0.0,0.0,0.0,0.0,0.0,0.0,0.0,1.31798669624229e-06,0.0,0.0,1.31798669624229e-06,2.63597339248458e-06
Lop Buri,2019,0.0,0.0,0.0,0.0,0.0,0.0,0.0,0.0,0.0,0.0,0.0,0.0,0.0
Lop Buri,2020,0.0,0.0,0.0,0.0,0.0,0.0,0.0,0.0,0.0,0.0,0.0,0.0,0.0
Mae Hong Son,2011,0.0,0.0,0.0,0.0,0.0,0.0,0.0,0.0,0.0,0.0,0.0,0.0,0.0
Mae Hong Son,2012,0.0,0.0,0.0,0.0,0.0,0.0,0.0,0.0,0.0,0.0,0.0,0.0,0.0
Mae Hong Son,2013,0.0,0.0,0.0,0.0,0.0,0.0,0.0,0.0,0.0,4.05598887036654e-06,0.0,0.0,4.05598887036654e-06
Mae Hong Son,2014,0.0,0.0,0.0,0.0,0.0,0.0,4.02936601955048e-06,0.0,0.0,0.0,0.0,0.0,4.02936601955048e-06
Mae Hong Son,2015,0.0,0.0,0.0,0.0,0.0,0.0,0.0,0.0,0.0,0.0,0.0,0.0,0.0
Mae Hong Son,2016,0.0,0.0,0.0,0.0,0.0,0.0,3.62471183540908e-06,0.0,0.0,0.0,0.0,0.0,3.62471183540908e-06
Mae Hong Son,2017,0.0,0.0,0.0,0.0,0.0,0.0,0.0,0.0,0.0,0.0,0.0,0.0,0.0
Mae Hong Son,2018,0.0,0.0,0.0,0.0,0.0,0.0,3.53899619911808e-06,0.0,0.0,0.0,0.0,0.0,3.53899619911808e-06
Mae Hong Son,2019,0.0,0.0,0.0,0.0,0.0,0.0,0.0,0.0,0.0,0.0,0.0,0.0,0.0
Mae Hong Son,2020,0.0,0.0,0.0,0.0,0.0,0.0,3.51433320798878e-06,0.0,0.0,0.0,0.0,0.0,3.51433320798878e-06
Maha Sarakham,2011,0.0,0.0,0.0,0.0,0.0,0.0,0.0,0.0,0.0,0.0,0.0,0.0,0.0
Maha Sarakham,2012,0.0,0.0,0.0,0.0,0.0,0.0,0.0,0.0,1.0580342358718e-06,0.0,0.0,0.0,1.0580342358718e-06
Maha Sarakham,2013,0.0,0.0,0.0,0.0,0.0,1.04641477370234e-06,0.0,0.0,0.0,0.0,0.0,0.0,1.04641477370234e-06
Maha Sarakham,2014,0.0,0.0,0.0,0.0,0.0,0.0,0.0,0.0,0.0,0.0,0.0,0.0,0.0
Maha Sarakham,2015,0.0,0.0,0.0,0.0,0.0,1.03670344890503e-06,0.0,0.0,0.0,0.0,0.0,0.0,1.03670344890503e-06
Maha Sarakham,2016,0.0,0.0,0.0,0.0,0.0,0.0,0.0,0.0,0.0,0.0,0.0,0.0,0.0
Maha Sarakham,2017,0.0,0.0,0.0,0.0,0.0,0.0,0.0,0.0,0.0,0.0,0.0,0.0,0.0
Maha Sarakham,2018,0.0,0.0,0.0,0.0,1.03837092063004e-06,0.0,0.0,0.0,0.0,0.0,0.0,0.0,1.03837092063004e-06
Maha Sarakham,2019,0.0,0.0,0.0,0.0,0.0,1.03878296188186e-06,1.03878296188186e-06,0.0,0.0,0.0,0.0,0.0,2.07756592376372e-06
Maha Sarakham,2020,0.0,0.0,0.0,0.0,0.0,0.0,2.09718348258289e-06,0.0,0.0,0.0,0.0,0.0,2.09718348258289e-06
Mukdahan,2011,0.0,0.0,0.0,0.0,0.0,0.0,0.0,0.0,2.93615909284429e-06,0.0,0.0,0.0,2.93615909284429e-06
Mukdahan,2012,0.0,0.0,0.0,0.0,0.0,0.0,0.0,0.0,0.0,0.0,0.0,0.0,0.0
Mukdahan,2013,0.0,0.0,0.0,0.0,0.0,0.0,2.90442692752293e-06,0.0,0.0,0.0,0.0,0.0,2.90442692752293e-06
Mukdahan,2014,0.0,0.0,0.0,0.0,0.0,0.0,0.0,0.0,0.0,0.0,0.0,0.0,0.0
Mukdahan,2015,0.0,0.0,0.0,0.0,0.0,0.0,0.0,0.0,0.0,0.0,0.0,0.0,0.0
Mukdahan,2016,0.0,0.0,0.0,0.0,0.0,0.0,0.0,0.0,0.0,0.0,0.0,0.0,0.0
Mukdahan,2017,0.0,0.0,0.0,0.0,0.0,0.0,0.0,0.0,0.0,0.0,0.0,0.0,0.0
Mukdahan,2018,0.0,0.0,0.0,0.0,0.0,0.0,0.0,0.0,0.0,0.0,0.0,0.0,0.0
Mukdahan,2019,0.0,0.0,0.0,0.0,0.0,0.0,2.83146550991862e-06,0.0,0.0,0.0,0.0,0.0,2.83146550991862e-06
Mukdahan,2020,0.0,0.0,0.0,0.0,0.0,0.0,0.0,0.0,0.0,0.0,0.0,0.0,0.0
Nakhon Nayok,2011,0.0,0.0,0.0,0.0,0.0,0.0,0.0,0.0,0.0,0.0,0.0,0.0,0.0
Nakhon Nayok,2012,0.0,0.0,0.0,0.0,0.0,0.0,0.0,0.0,0.0,0.0,0.0,0.0,0.0
Nakhon Nayok,2013,0.0,0.0,0.0,0.0,0.0,0.0,0.0,0.0,0.0,0.0,0.0,0.0,0.0
Nakhon Nayok,2014,0.0,0.0,0.0,0.0,0.0,0.0,0.0,0.0,0.0,0.0,0.0,0.0,0.0
Nakhon Nayok,2015,0.0,0.0,0.0,0.0,0.0,0.0,0.0,0.0,0.0,0.0,0.0,0.0,0.0
Nakhon Nayok,2016,0.0,0.0,0.0,0.0,0.0,0.0,0.0,0.0,0.0,0.0,0.0,0.0,0.0
Nakhon Nayok,2017,0.0,0.0,0.0,0.0,0.0,0.0,0.0,0.0,0.0,0.0,0.0,0.0,0.0
Nakhon Nayok,2018,0.0,0.0,0.0,0.0,0.0,0.0,3.84477859842441e-06,0.0,0.0,0.0,0.0,0.0,3.84477859842441e-06
Nakhon Nayok,2019,0.0,0.0,0.0,0.0,0.0,0.0,0.0,0.0,0.0,0.0,0.0,0.0,0.0
Nakhon Nayok,2020,0.0,0.0,0.0,0.0,0.0,0.0,0.0,0.0,0.0,0.0,0.0,0.0,0.0
Nakhon Pathom,2011,0.0,0.0,0.0,0.0,0.0,0.0,0.0,0.0,0.0,0.0,0.0,0.0,0.0
Nakhon Pathom,2012,0.0,0.0,0.0,0.0,0.0,0.0,0.0,1.14335891408344e-06,0.0,0.0,0.0,0.0,1.14335891408344e-06
Nakhon Pathom,2013,0.0,1.13355037044426e-06,0.0,0.0,0.0,0.0,0.0,0.0,1.13355037044426e-06,0.0,0.0,0.0,2.26710074088852e-06
Nakhon Pathom,2014,0.0,2.24449005747017e-06,0.0,0.0,0.0,0.0,0.0,1.12224502873508e-06,0.0,0.0,0.0,0.0,3.36673508620525e-06
Nakhon Pathom,2015,0.0,0.0,0.0,0.0,0.0,0.0,0.0,1.11192405113961e-06,1.11192405113961e-06,0.0,0.0,0.0,2.22384810227922e-06
Nakhon Pathom,2016,0.0,0.0,0.0,0.0,0.0,0.0,0.0,1.10496260806534e-06,0.0,0.0,0.0,0.0,1.10496260806534e-06
Nakhon Pathom,2017,0.0,0.0,0.0,0.0,0.0,0.0,0.0,0.0,1.09710233331724e-06,0.0,1.09710233331724e-06,0.0,2.19420466663448e-06
Nakhon Pathom,2018,0.0,0.0,0.0,0.0,0.0,1.09044951600398e-06,0.0,1.09044951600398e-06,0.0,0.0,1.09044951600398e-06,0.0,3.27134854801194e-06
Nakhon Pathom,2019,0.0,0.0,0.0,0.0,0.0,0.0,0.0,0.0,2.17384215732096e-06,1.08692107866048e-06,0.0,0.0,3.26076323598144e-06
Nakhon Pathom,2020,0.0,0.0,0.0,0.0,0.0,0.0,0.0,0.0,0.0,0.0,0.0,0.0,0.0
Nakhon Phanom,2011,0.0,0.0,0.0,0.0,0.0,0.0,0.0,0.0,0.0,0.0,0.0,0.0,0.0
Nakhon Phanom,2012,0.0,0.0,0.0,0.0,0.0,0.0,0.0,0.0,1.41173148867085e-06,0.0,0.0,0.0,1.41173148867085e-06
Nakhon Phanom,2013,0.0,0.0,1.40674675744872e-06,0.0,0.0,0.0,0.0,1.40674675744872e-06,0.0,0.0,0.0,0.0,2.81349351489744e-06
Nakhon Phanom,2014,0.0,0.0,0.0,0.0,0.0,0.0,0.0,0.0,0.0,0.0,0.0,0.0,0.0
Nakhon Phanom,2015,0.0,0.0,0.0,0.0,0.0,0.0,0.0,0.0,0.0,0.0,0.0,0.0,0.0
Nakhon Phanom,2016,0.0,0.0,0.0,0.0,0.0,0.0,0.0,0.0,0.0,0.0,0.0,0.0,0.0
Nakhon Phanom,2017,0.0,0.0,0.0,0.0,0.0,0.0,0.0,0.0,0.0,0.0,0.0,0.0,0.0
Nakhon Phanom,2018,0.0,0.0,0.0,0.0,0.0,1.3912346651159e-06,0.0,0.0,0.0,0.0,0.0,0.0,1.3912346651159e-06
Nakhon Phanom,2019,0.0,0.0,0.0,0.0,1.39055755795844e-06,0.0,0.0,0.0,0.0,0.0,0.0,0.0,1.39055755795844e-06
Nakhon Phanom,2020,0.0,0.0,0.0,0.0,0.0,0.0,0.0,0.0,0.0,0.0,0.0,0.0,0.0
Nakhon Ratchasima,2011,0.0,0.0,0.0,0.0,0.0,0.0,0.0,0.0,0.0,0.0,0.0,0.0,0.0
Nakhon Ratchasima,2012,0.0,3.84442828930246e-07,0.0,0.0,0.0,7.68885657860492e-07,7.68885657860491e-07,3.84442828930246e-07,0.0,3.84442828930246e-07,0.0,3.84442828930246e-07,3.075542631441966e-06
Nakhon Ratchasima,2013,0.0,0.0,3.83117689156697e-07,0.0,0.0,3.83117689156697e-07,7.66235378313393e-07,7.66235378313393e-07,0.0,0.0,0.0,0.0,2.298706134940183e-06
Nakhon Ratchasima,2014,0.0,0.0,0.0,0.0,0.0,0.0,3.81604088048274e-07,0.0,0.0,0.0,3.81604088048274e-07,0.0,7.63208176096549e-07
Nakhon Ratchasima,2015,0.0,0.0,0.0,0.0,3.80399099519252e-07,0.0,3.80399099519252e-07,0.0,1.141197298557755e-06,1.90199549759626e-06,7.60798199038503e-07,3.80399099519252e-07,4.9451882937502724e-06
Nakhon Ratchasima,2016,0.0,0.0,3.80020787137056e-07,0.0,0.0,0.0,0.0,0.0,0.0,0.0,3.80020787137056e-07,0.0,7.60041574274113e-07
Nakhon Ratchasima,2017,0.0,0.0,0.0,0.0,0.0,0.0,3.78898965075367e-07,0.0,3.78898965075367e-07,0.0,0.0,0.0,7.57797930150734e-07
Nakhon Ratchasima,2018,0.0,0.0,0.0,0.0,3.778716830896e-07,0.0,3.778716830896e-07,0.0,0.0,0.0,3.778716830896e-07,3.778716830896e-07,1.5114867323584e-06
Nakhon Ratchasima,2019,0.0,0.0,0.0,0.0,3.77511347047314e-07,3.77511347047314e-07,0.0,3.77511347047314e-07,0.0,3.77511347047314e-07,3.77511347047314e-07,3.77511347047314e-07,2.265068082283888e-06
Nakhon Ratchasima,2020,0.0,0.0,3.79765054551351e-07,0.0,3.79765054551351e-07,0.0,0.0,0.0,0.0,3.79765054551351e-07,0.0,0.0,1.13929516365405e-06
Nakhon Sawan,2011,0.0,0.0,0.0,0.0,9.33109138311035e-07,1.86621827662207e-06,0.0,0.0,0.0,0.0,0.0,0.0,2.7993274149331048e-06
Nakhon Sawan,2012,0.0,0.0,0.0,0.0,0.0,0.0,0.0,9.31665155816339e-07,9.31665155816339e-07,0.0,0.0,0.0,1.86333031163268e-06
Nakhon Sawan,2013,9.31843129800157e-07,0.0,9.31843129800157e-07,0.0,0.0,0.0,0.0,0.0,0.0,0.0,0.0,0.0,1.863686259600314e-06
Nakhon Sawan,2014,0.0,0.0,0.0,0.0,0.0,0.0,0.0,0.0,0.0,0.0,0.0,0.0,0.0
Nakhon Sawan,2015,0.0,0.0,0.0,0.0,0.0,0.0,0.0,9.32886294221143e-07,9.32886294221143e-07,0.0,9.32886294221143e-07,0.0,2.798658882663433e-06
Nakhon Sawan,2016,0.0,0.0,0.0,0.0,0.0,0.0,0.0,0.0,0.0,0.0,0.0,0.0,0.0
Nakhon Sawan,2017,0.0,0.0,0.0,0.0,0.0,0.0,0.0,0.0,0.0,0.0,0.0,0.0,0.0
Nakhon Sawan,2018,0.0,0.0,9.39881424559478e-07,0.0,9.39881424559478e-07,0.0,0.0,9.39881424559478e-07,9.39881424559478e-07,0.0,9.39881424559478e-07,0.0,4.69940712279739e-06
Nakhon Sawan,2019,0.0,0.0,0.0,0.0,0.0,0.0,0.0,0.0,0.0,0.0,0.0,0.0,0.0
Nakhon Sawan,2020,0.0,0.0,0.0,0.0,0.0,0.0,0.0,0.0,0.0,0.0,0.0,9.61253782533634e-07,9.61253782533634e-07
Nakhon Si Thammarat,2011,0.0,6.5527750674772e-07,0.0,0.0,0.0,0.0,0.0,0.0,0.0,0.0,0.0,0.0,6.5527750674772e-07
Nakhon Si Thammarat,2012,0.0,0.0,0.0,0.0,0.0,0.0,0.0,6.51513759644847e-07,6.51513759644847e-07,1.30302751928969e-06,0.0,6.51513759644847e-07,3.25756879822423e-06
Nakhon Si Thammarat,2013,1.297148931506e-06,6.48574465752998e-07,0.0,6.48574465752998e-07,0.0,0.0,6.48574465752998e-07,6.48574465752998e-07,0.0,0.0,6.48574465752998e-07,6.48574465752998e-07,5.18859572602399e-06
Nakhon Si Thammarat,2014,0.0,0.0,0.0,0.0,0.0,1.29196629518329e-06,1.29196629518329e-06,0.0,6.45983147591646e-07,6.45983147591646e-07,0.0,0.0,3.87589888554987e-06
Nakhon Si Thammarat,2015,0.0,0.0,0.0,0.0,0.0,6.44109936683993e-07,0.0,6.44109936683993e-07,0.0,0.0,0.0,0.0,1.28821987336799e-06
Nakhon Si Thammarat,2016,0.0,0.0,0.0,0.0,0.0,0.0,0.0,0.0,0.0,0.0,0.0,0.0,0.0
Nakhon Si Thammarat,2017,0.0,0.0,0.0,0.0,0.0,0.0,6.42061994937983e-07,6.42061994937983e-07,0.0,0.0,0.0,6.42061994937983e-07,1.92618598481395e-06
Nakhon Si Thammarat,2018,0.0,0.0,0.0,0.0,0.0,6.40847764690954e-07,0.0,6.40847764690954e-07,6.40847764690954e-07,0.0,0.0,1.28169552938191e-06,3.20423882345477e-06
Nakhon Si Thammarat,2019,0.0,0.0,6.40234786901052e-07,6.40234786901052e-07,1.92070436070316e-06,6.40234786901052e-07,1.2804695738021e-06,0.0,6.40234786901052e-07,6.40234786901052e-07,1.2804695738021e-06,0.0,7.68281744281263e-06
Nakhon Si Thammarat,2020,0.0,0.0,0.0,0.0,0.0,0.0,0.0,0.0,0.0,0.0,0.0,0.0,0.0
Nan,2011,0.0,0.0,0.0,0.0,0.0,0.0,0.0,0.0,0.0,0.0,0.0,0.0,0.0
Nan,2012,0.0,0.0,0.0,0.0,0.0,0.0,0.0,0.0,0.0,0.0,0.0,0.0,0.0
Nan,2013,0.0,0.0,0.0,0.0,0.0,0.0,0.0,0.0,0.0,0.0,0.0,0.0,0.0
Nan,2014,0.0,0.0,0.0,0.0,0.0,0.0,0.0,0.0,0.0,0.0,0.0,0.0,0.0
Nan,2015,0.0,0.0,0.0,0.0,0.0,0.0,0.0,0.0,0.0,0.0,0.0,0.0,0.0
Nan,2016,0.0,0.0,0.0,0.0,0.0,0.0,0.0,0.0,0.0,0.0,0.0,0.0,0.0
Nan,2017,0.0,0.0,0.0,0.0,0.0,0.0,0.0,0.0,0.0,0.0,0.0,0.0,0.0
Nan,2018,0.0,0.0,0.0,0.0,0.0,0.0,0.0,0.0,0.0,0.0,0.0,0.0,0.0
Nan,2019,0.0,0.0,0.0,0.0,0.0,2.09105717577636e-06,0.0,0.0,0.0,0.0,0.0,0.0,2.09105717577636e-06
Nan,2020,0.0,0.0,0.0,0.0,0.0,0.0,0.0,0.0,0.0,0.0,0.0,0.0,0.0
Narathiwat,2011,0.0,0.0,0.0,0.0,0.0,0.0,0.0,0.0,0.0,0.0,0.0,0.0,0.0
Narathiwat,2012,0.0,0.0,0.0,0.0,0.0,0.0,0.0,0.0,0.0,0.0,0.0,0.0,0.0
Narathiwat,2013,0.0,0.0,0.0,0.0,0.0,0.0,0.0,1.30523595402959e-06,0.0,0.0,0.0,1.30523595402959e-06,2.61047190805918e-06
Narathiwat,2014,0.0,0.0,0.0,0.0,0.0,0.0,0.0,0.0,0.0,0.0,0.0,0.0,0.0
Narathiwat,2015,0.0,0.0,0.0,0.0,0.0,0.0,0.0,0.0,0.0,0.0,1.27700547324546e-06,0.0,1.27700547324546e-06
Narathiwat,2016,0.0,0.0,0.0,0.0,0.0,1.26633412732483e-06,0.0,0.0,0.0,1.26633412732483e-06,1.26633412732483e-06,0.0,3.79900238197449e-06
Narathiwat,2017,2.51180864037054e-06,0.0,0.0,0.0,1.25590432018527e-06,0.0,0.0,0.0,0.0,0.0,0.0,0.0,3.76771296055581e-06
Narathiwat,2018,0.0,0.0,0.0,0.0,0.0,0.0,0.0,0.0,0.0,1.24614629259016e-06,0.0,0.0,1.24614629259016e-06
Narathiwat,2019,0.0,1.23759312888295e-06,0.0,0.0,0.0,0.0,0.0,0.0,1.23759312888295e-06,2.4751862577659e-06,0.0,0.0,4.9503725155318e-06
Narathiwat,2020,0.0,0.0,0.0,0.0,0.0,0.0,0.0,1.24311778913987e-06,0.0,0.0,0.0,0.0,1.24311778913987e-06
Nong Bua Lam Phu,2011,0.0,0.0,0.0,0.0,0.0,0.0,0.0,0.0,0.0,0.0,0.0,0.0,0.0
Nong Bua Lam Phu,2012,0.0,0.0,0.0,0.0,0.0,0.0,0.0,0.0,0.0,0.0,0.0,0.0,0.0
Nong Bua Lam Phu,2013,0.0,0.0,0.0,0.0,0.0,0.0,0.0,0.0,0.0,0.0,0.0,0.0,0.0
Nong Bua Lam Phu,2014,0.0,0.0,0.0,0.0,0.0,0.0,0.0,0.0,0.0,0.0,0.0,0.0,0.0
Nong Bua Lam Phu,2015,0.0,0.0,0.0,0.0,0.0,0.0,0.0,0.0,0.0,0.0,0.0,0.0,0.0
Nong Bua Lam Phu,2016,0.0,0.0,0.0,0.0,0.0,0.0,0.0,0.0,0.0,0.0,0.0,0.0,0.0
Nong Bua Lam Phu,2017,0.0,0.0,0.0,0.0,0.0,0.0,0.0,0.0,0.0,0.0,0.0,0.0,0.0
Nong Bua Lam Phu,2018,0.0,0.0,0.0,0.0,0.0,0.0,0.0,0.0,0.0,0.0,0.0,0.0,0.0
Nong Bua Lam Phu,2019,0.0,0.0,0.0,1.95015406217091e-06,0.0,0.0,0.0,0.0,0.0,0.0,0.0,0.0,1.95015406217091e-06
Nong Bua Lam Phu,2020,0.0,0.0,0.0,0.0,0.0,0.0,1.96282411133138e-06,0.0,0.0,0.0,0.0,0.0,1.96282411133138e-06
Nong Khai,2011,0.0,0.0,0.0,0.0,0.0,0.0,0.0,0.0,0.0,0.0,0.0,0.0,0.0
Nong Khai,2012,0.0,0.0,0.0,0.0,0.0,0.0,0.0,0.0,0.0,0.0,0.0,0.0,0.0
Nong Khai,2013,0.0,0.0,0.0,0.0,0.0,0.0,0.0,0.0,0.0,0.0,0.0,0.0,0.0
Nong Khai,2014,0.0,0.0,0.0,0.0,0.0,0.0,0.0,0.0,0.0,0.0,0.0,0.0,0.0
Nong Khai,2015,0.0,0.0,0.0,0.0,0.0,0.0,0.0,0.0,0.0,0.0,0.0,0.0,0.0
Nong Khai,2016,0.0,0.0,0.0,0.0,0.0,0.0,0.0,0.0,0.0,0.0,0.0,0.0,0.0
Nong Khai,2017,0.0,0.0,0.0,0.0,0.0,0.0,0.0,0.0,0.0,0.0,0.0,0.0,0.0
Nong Khai,2018,0.0,0.0,0.0,0.0,0.0,0.0,0.0,0.0,0.0,1.91533088298669e-06,0.0,0.0,1.91533088298669e-06
Nong Khai,2019,0.0,0.0,0.0,0.0,0.0,0.0,0.0,0.0,0.0,0.0,0.0,0.0,0.0
Nong Khai,2020,0.0,0.0,0.0,0.0,1.93260989303004e-06,1.93260989303004e-06,0.0,0.0,0.0,0.0,0.0,0.0,3.86521978606008e-06
Nonthaburi,2011,0.0,0.0,0.0,0.0,0.0,0.0,8.90767815133611e-07,0.0,0.0,0.0,0.0,0.0,8.90767815133611e-07
Nonthaburi,2012,0.0,0.0,0.0,0.0,0.0,0.0,0.0,0.0,0.0,0.0,0.0,0.0,0.0
Nonthaburi,2013,0.0,0.0,0.0,0.0,0.0,0.0,0.0,0.0,8.64849157334224e-07,8.64849157334224e-07,0.0,0.0,1.729698314668448e-06
Nonthaburi,2014,0.0,0.0,0.0,0.0,0.0,0.0,0.0,0.0,0.0,0.0,0.0,0.0,0.0
Nonthaburi,2015,0.0,0.0,0.0,0.0,0.0,0.0,0.0,0.0,0.0,1.67544740728702e-06,8.37723703643512e-07,0.0,2.51317111093054e-06
Nonthaburi,2016,0.0,0.0,0.0,0.0,0.0,0.0,0.0,0.0,0.0,0.0,0.0,0.0,0.0
Nonthaburi,2017,0.0,0.0,0.0,8.13183328115407e-07,0.0,0.0,1.62636665623081e-06,0.0,0.0,0.0,0.0,0.0,2.43954998434622e-06
Nonthaburi,2018,0.0,8.02378249130423e-07,0.0,0.0,0.0,1.604756498260846e-06,1.60475649826085e-06,8.02378249130423e-07,0.0,8.02378249130423e-07,0.0,0.0,5.616647743912961e-06
Nonthaburi,2019,0.0,0.0,0.0,0.0,0.0,0.0,0.0,0.0,0.0,0.0,0.0,0.0,0.0
Nonthaburi,2020,0.0,0.0,0.0,0.0,0.0,0.0,0.0,0.0,0.0,7.8324175931764e-07,0.0,0.0,7.8324175931764e-07
P.Nakhon S.Ayutthaya,2011,0.0,0.0,0.0,0.0,0.0,9.89219486041124e-07,0.0,0.0,0.0,0.0,0.0,0.0,9.89219486041124e-07
P.Nakhon S.Ayutthaya,2012,0.0,0.0,0.0,0.0,0.0,0.0,9.6727046913585e-07,0.0,0.0,9.6727046913585e-07,9.6727046913585e-07,0.0,2.90181140740755e-06
P.Nakhon S.Ayutthaya,2013,0.0,0.0,0.0,0.0,0.0,0.0,0.0,0.0,0.0,0.0,0.0,0.0,0.0
P.Nakhon S.Ayutthaya,2014,0.0,0.0,0.0,0.0,9.31048416379749e-07,0.0,0.0,0.0,0.0,0.0,1.862096832759498e-06,0.0,2.793145249139249e-06
P.Nakhon S.Ayutthaya,2015,0.0,0.0,0.0,0.0,0.0,0.0,0.0,9.13868781237177e-07,9.13868781237177e-07,0.0,9.13868781237177e-07,0.0,2.74160634371153e-06
P.Nakhon S.Ayutthaya,2016,0.0,0.0,0.0,0.0,0.0,0.0,0.0,0.0,0.0,0.0,0.0,0.0,0.0
P.Nakhon S.Ayutthaya,2017,0.0,0.0,0.0,0.0,8.85649380266846e-07,0.0,0.0,0.0,0.0,0.0,8.85649380266846e-07,8.85649380266846e-07,2.65694814080054e-06
P.Nakhon S.Ayutthaya,2018,8.72530302977422e-07,0.0,0.0,0.0,8.72530302977422e-07,8.72530302977422e-07,8.72530302977422e-07,8.72530302977422e-07,0.0,0.0,8.72530302977422e-07,0.0,5.23518181786453e-06
P.Nakhon S.Ayutthaya,2019,0.0,8.59398902031963e-07,8.59398902031963e-07,0.0,0.0,0.0,0.0,0.0,0.0,0.0,0.0,0.0,1.71879780406393e-06
P.Nakhon S.Ayutthaya,2020,0.0,0.0,0.0,0.0,0.0,8.50042332108139e-07,8.50042332108139e-07,0.0,0.0,0.0,0.0,0.0,1.700084664216278e-06
Pathum Thani,2011,0.0,0.0,0.0,0.0,0.0,0.0,0.0,0.0,0.0,0.0,0.0,0.0,0.0
Pathum Thani,2012,0.0,0.0,0.0,0.0,0.0,0.0,0.0,0.0,0.0,0.0,0.0,0.0,0.0
Pathum Thani,2013,0.0,0.0,0.0,1.47310551265545e-06,1.47310551265545e-06,0.0,1.47310551265545e-06,0.0,0.0,0.0,0.0,1.47310551265545e-06,5.8924220506218e-06
Pathum Thani,2014,0.0,0.0,0.0,0.0,0.0,0.0,0.0,0.0,0.0,0.0,0.0,0.0,0.0
Pathum Thani,2015,0.0,0.0,0.0,0.0,0.0,0.0,1.44087443787886e-06,0.0,0.0,1.44087443787886e-06,0.0,0.0,2.88174887575772e-06
Pathum Thani,2016,0.0,0.0,0.0,0.0,0.0,0.0,0.0,0.0,0.0,0.0,0.0,0.0,0.0
Pathum Thani,2017,0.0,0.0,0.0,0.0,0.0,0.0,0.0,0.0,0.0,0.0,0.0,1.40885550214428e-06,1.40885550214428e-06
Pathum Thani,2018,2.78521662718622e-06,0.0,0.0,0.0,0.0,0.0,2.78521662718622e-06,1.39260831359311e-06,0.0,0.0,2.78521662718622e-06,1.39260831359311e-06,1.114086650874488e-05
Pathum Thani,2019,0.0,0.0,0.0,0.0,0.0,0.0,0.0,0.0,0.0,1.3791125135153e-06,0.0,0.0,1.3791125135153e-06
Pathum Thani,2020,0.0,0.0,0.0,0.0,0.0,0.0,0.0,0.0,0.0,0.0,0.0,0.0,0.0
Pattani,2011,0.0,0.0,0.0,0.0,0.0,0.0,0.0,0.0,0.0,0.0,0.0,0.0,0.0
Pattani,2012,0.0,0.0,0.0,0.0,0.0,0.0,0.0,0.0,0.0,0.0,0.0,0.0,0.0
Pattani,2013,3.85475291033845e-06,0.0,0.0,0.0,0.0,0.0,0.0,0.0,0.0,0.0,0.0,0.0,3.85475291033845e-06
Pattani,2014,0.0,0.0,0.0,0.0,0.0,0.0,3.82599380189004e-06,0.0,0.0,0.0,0.0,0.0,3.82599380189004e-06
Pattani,2015,0.0,0.0,0.0,0.0,0.0,0.0,0.0,0.0,0.0,0.0,3.78681733150556e-06,0.0,3.78681733150556e-06
Pattani,2016,0.0,0.0,0.0,0.0,0.0,0.0,0.0,0.0,3.76535795375387e-06,0.0,0.0,0.0,3.76535795375387e-06
Pattani,2017,0.0,0.0,3.73844353641805e-06,0.0,0.0,0.0,0.0,0.0,0.0,0.0,0.0,0.0,3.73844353641805e-06
Pattani,2018,0.0,0.0,0.0,0.0,0.0,0.0,0.0,0.0,0.0,0.0,0.0,3.72800477184611e-06,3.72800477184611e-06
Pattani,2019,0.0,0.0,0.0,0.0,0.0,0.0,0.0,0.0,0.0,0.0,0.0,0.0,0.0
Pattani,2020,0.0,0.0,0.0,0.0,0.0,0.0,3.72815765633097e-06,0.0,0.0,0.0,0.0,0.0,3.72815765633097e-06
Phangnga,2011,0.0,0.0,0.0,0.0,0.0,0.0,0.0,0.0,0.0,0.0,0.0,0.0,0.0
Phangnga,2012,0.0,0.0,0.0,0.0,0.0,0.0,0.0,0.0,0.0,0.0,0.0,0.0,0.0
Phangnga,2013,0.0,0.0,1.93042367008287e-06,1.93042367008287e-06,0.0,0.0,0.0,0.0,0.0,0.0,0.0,0.0,3.86084734016575e-06
Phangnga,2014,0.0,0.0,0.0,0.0,0.0,1.92152861444336e-06,0.0,0.0,0.0,0.0,0.0,0.0,1.92152861444336e-06
Phangnga,2015,0.0,0.0,0.0,0.0,0.0,0.0,0.0,0.0,0.0,0.0,0.0,0.0,0.0
Phangnga,2016,0.0,0.0,0.0,0.0,0.0,1.90940630829656e-06,0.0,0.0,0.0,0.0,0.0,0.0,1.90940630829656e-06
Phangnga,2017,0.0,0.0,0.0,0.0,0.0,0.0,1.90528086697901e-06,0.0,0.0,0.0,0.0,0.0,1.90528086697901e-06
Phangnga,2018,0.0,0.0,0.0,0.0,3.80920456190338e-06,0.0,0.0,0.0,0.0,0.0,0.0,0.0,3.80920456190338e-06
Phangnga,2019,0.0,0.0,0.0,0.0,0.0,0.0,0.0,0.0,0.0,0.0,0.0,0.0,0.0
Phangnga,2020,0.0,0.0,0.0,0.0,0.0,0.0,0.0,0.0,0.0,0.0,0.0,0.0,0.0
Phatthalung,2011,0.0,0.0,0.0,0.0,0.0,0.0,0.0,0.0,0.0,0.0,0.0,0.0,0.0
Phatthalung,2012,0.0,0.0,0.0,0.0,0.0,0.0,0.0,0.0,0.0,0.0,0.0,0.0,0.0
Phatthalung,2013,0.0,0.0,0.0,0.0,0.0,2.05446805713065e-06,0.0,0.0,0.0,0.0,0.0,0.0,2.05446805713065e-06
Phatthalung,2014,0.0,0.0,0.0,0.0,0.0,0.0,0.0,0.0,0.0,2.06417946801967e-06,0.0,0.0,2.06417946801967e-06
Phatthalung,2015,0.0,0.0,0.0,0.0,0.0,0.0,0.0,0.0,0.0,0.0,0.0,0.0,0.0
Phatthalung,2016,0.0,0.0,0.0,0.0,0.0,0.0,0.0,0.0,0.0,2.08686361094184e-06,0.0,0.0,2.08686361094184e-06
Phatthalung,2017,0.0,0.0,0.0,0.0,0.0,0.0,0.0,0.0,0.0,0.0,0.0,0.0,0.0
Phatthalung,2018,0.0,0.0,0.0,0.0,0.0,0.0,0.0,0.0,0.0,0.0,0.0,0.0,0.0
Phatthalung,2019,0.0,0.0,2.11704731177332e-06,0.0,0.0,0.0,0.0,0.0,0.0,0.0,0.0,0.0,2.11704731177332e-06
Phatthalung,2020,0.0,0.0,0.0,0.0,0.0,0.0,0.0,0.0,0.0,0.0,0.0,0.0,0.0
Phayao,2011,0.0,0.0,0.0,0.0,0.0,0.0,0.0,0.0,0.0,0.0,0.0,0.0,0.0
Phayao,2012,0.0,0.0,0.0,0.0,0.0,0.0,0.0,0.0,0.0,0.0,0.0,0.0,0.0
Phayao,2013,0.0,0.0,0.0,0.0,0.0,0.0,0.0,0.0,0.0,0.0,0.0,0.0,0.0
Phayao,2014,0.0,0.0,0.0,0.0,0.0,0.0,0.0,0.0,0.0,0.0,0.0,0.0,0.0
Phayao,2015,0.0,0.0,0.0,0.0,0.0,0.0,1.00302311165854e-06,0.0,0.0,0.0,0.0,0.0,1.00302311165854e-06
Phayao,2016,0.0,0.0,0.0,0.0,0.0,0.0,0.0,0.0,0.0,0.0,0.0,0.0,0.0
Phayao,2017,0.0,0.0,0.0,0.0,0.0,0.0,0.0,0.0,0.0,0.0,0.0,0.0,0.0
Phayao,2018,0.0,0.0,0.0,0.0,0.0,0.0,0.0,0.0,0.0,0.0,0.0,0.0,0.0
Phayao,2019,0.0,0.0,0.0,0.0,0.0,0.0,0.0,0.0,0.0,0.0,0.0,0.0,0.0
Phayao,2020,0.0,0.0,0.0,1.01839216245392e-06,0.0,0.0,0.0,0.0,0.0,0.0,0.0,0.0,1.01839216245392e-06
Phetchabun,2011,0.0,2.14555901467348e-06,0.0,0.0,0.0,0.0,2.14555901467348e-06,2.14555901467348e-06,0.0,0.0,0.0,0.0,6.4366770440204405e-06
Phetchabun,2012,0.0,0.0,0.0,0.0,0.0,2.13276914480223e-06,0.0,0.0,0.0,0.0,2.13276914480223e-06,0.0,4.26553828960446e-06
Phetchabun,2013,0.0,0.0,0.0,0.0,0.0,0.0,2.12275015018457e-06,2.12275015018457e-06,0.0,0.0,0.0,0.0,4.24550030036914e-06
Phetchabun,2014,0.0,0.0,0.0,0.0,0.0,0.0,0.0,0.0,2.10885042345716e-06,0.0,0.0,0.0,2.10885042345716e-06
Phetchabun,2015,0.0,0.0,0.0,0.0,0.0,0.0,0.0,0.0,0.0,0.0,0.0,0.0,0.0
Phetchabun,2016,0.0,0.0,0.0,0.0,0.0,0.0,0.0,0.0,0.0,0.0,0.0,0.0,0.0
Phetchabun,2017,0.0,0.0,0.0,0.0,0.0,2.0730759264058e-06,0.0,0.0,2.0730759264058e-06,0.0,0.0,0.0,4.14615185281161e-06
Phetchabun,2018,0.0,0.0,0.0,0.0,0.0,0.0,0.0,0.0,0.0,0.0,0.0,0.0,0.0
Phetchabun,2019,0.0,0.0,0.0,0.0,0.0,0.0,0.0,2.06104400122838e-06,2.06104400122838e-06,2.06104400122838e-06,0.0,0.0,6.18313200368514e-06
Phetchabun,2020,0.0,0.0,0.0,0.0,0.0,2.07385839280122e-06,0.0,0.0,0.0,0.0,0.0,0.0,2.07385839280122e-06
Phetchaburi,2011,0.0,0.0,0.0,0.0,0.0,0.0,0.0,1.81921380856049e-06,0.0,0.0,0.0,0.0,1.81921380856049e-06
Phetchaburi,2012,0.0,0.0,0.0,0.0,0.0,0.0,0.0,0.0,0.0,0.0,0.0,0.0,0.0
Phetchaburi,2013,0.0,0.0,0.0,0.0,0.0,0.0,0.0,0.0,0.0,0.0,0.0,0.0,0.0
Phetchaburi,2014,0.0,0.0,0.0,0.0,0.0,0.0,0.0,0.0,0.0,0.0,1.82634057964397e-06,0.0,1.82634057964397e-06
Phetchaburi,2015,0.0,0.0,0.0,0.0,1.83164608201745e-06,0.0,1.83164608201745e-06,0.0,0.0,5.49493824605234e-06,1.83164608201745e-06,0.0,1.09898764921047e-05
Phetchaburi,2016,0.0,0.0,0.0,0.0,0.0,0.0,1.83998734088709e-06,0.0,0.0,0.0,0.0,0.0,1.83998734088709e-06
Phetchaburi,2017,0.0,0.0,0.0,0.0,0.0,0.0,0.0,0.0,0.0,0.0,0.0,0.0,0.0
Phetchaburi,2018,0.0,0.0,0.0,0.0,0.0,0.0,0.0,0.0,0.0,1.85400111981668e-06,0.0,0.0,1.85400111981668e-06
Phetchaburi,2019,1.86458976228345e-06,0.0,0.0,0.0,0.0,0.0,0.0,0.0,0.0,0.0,0.0,0.0,1.86458976228345e-06
Phetchaburi,2020,0.0,0.0,0.0,0.0,0.0,0.0,0.0,0.0,0.0,0.0,0.0,0.0,0.0
Phichit,2011,0.0,0.0,0.0,0.0,0.0,0.0,3.52378614376813e-06,0.0,0.0,0.0,0.0,0.0,3.52378614376813e-06
Phichit,2012,0.0,0.0,0.0,0.0,0.0,0.0,0.0,0.0,0.0,0.0,0.0,0.0,0.0
Phichit,2013,0.0,0.0,0.0,0.0,0.0,0.0,0.0,0.0,0.0,0.0,0.0,0.0,0.0
Phichit,2014,0.0,0.0,0.0,0.0,0.0,0.0,0.0,0.0,0.0,0.0,0.0,0.0,0.0
Phichit,2015,0.0,0.0,0.0,0.0,0.0,0.0,0.0,0.0,0.0,0.0,0.0,0.0,0.0
Phichit,2016,0.0,1.15505585272576e-06,0.0,0.0,0.0,0.0,0.0,0.0,0.0,0.0,0.0,0.0,1.15505585272576e-06
Phichit,2017,0.0,0.0,0.0,1.15557774264821e-06,0.0,0.0,0.0,0.0,0.0,0.0,0.0,0.0,1.15557774264821e-06
Phichit,2018,0.0,0.0,0.0,0.0,1.15354756249632e-06,0.0,0.0,0.0,1.15354756249632e-06,0.0,0.0,0.0,2.30709512499264e-06
Phichit,2019,0.0,0.0,0.0,0.0,0.0,0.0,0.0,0.0,0.0,0.0,0.0,0.0,0.0
Phichit,2020,0.0,0.0,0.0,0.0,0.0,0.0,0.0,0.0,0.0,0.0,0.0,0.0,0.0
Phitsanulok,2011,0.0,0.0,0.0,0.0,0.0,0.0,0.0,0.0,0.0,0.0,0.0,0.0,0.0
Phitsanulok,2012,0.0,0.0,0.0,0.0,1.26022515182563e-06,0.0,1.26022515182563e-06,1.26022515182563e-06,0.0,0.0,0.0,0.0,3.78067545547688e-06
Phitsanulok,2013,0.0,0.0,0.0,0.0,1.25317994410817e-06,1.25317994410817e-06,0.0,0.0,1.25317994410817e-06,0.0,0.0,0.0,3.75953983232452e-06
Phitsanulok,2014,0.0,0.0,0.0,0.0,0.0,0.0,0.0,0.0,0.0,0.0,0.0,0.0,0.0
Phitsanulok,2015,0.0,0.0,0.0,0.0,0.0,0.0,1.23707259141966e-06,0.0,0.0,0.0,0.0,2.47414518283933e-06,3.71121777425899e-06
Phitsanulok,2016,1.23408036331326e-06,0.0,0.0,0.0,0.0,0.0,0.0,0.0,0.0,0.0,0.0,0.0,1.23408036331326e-06
Phitsanulok,2017,0.0,0.0,0.0,0.0,0.0,0.0,0.0,0.0,0.0,0.0,0.0,0.0,0.0
Phitsanulok,2018,0.0,0.0,0.0,0.0,0.0,0.0,0.0,1.22332987946531e-06,0.0,0.0,0.0,1.22332987946531e-06,2.44665975893062e-06
Phitsanulok,2019,0.0,0.0,0.0,0.0,0.0,0.0,0.0,0.0,0.0,0.0,0.0,0.0,0.0
Phitsanulok,2020,0.0,0.0,0.0,0.0,0.0,0.0,0.0,0.0,0.0,0.0,0.0,0.0,0.0
Phrae,2011,0.0,0.0,0.0,0.0,0.0,0.0,0.0,0.0,0.0,0.0,0.0,0.0,0.0
Phrae,2012,0.0,0.0,0.0,0.0,0.0,0.0,0.0,0.0,0.0,0.0,0.0,0.0,0.0
Phrae,2013,0.0,0.0,0.0,0.0,2.19262663515131e-06,0.0,0.0,2.19262663515131e-06,0.0,0.0,0.0,0.0,4.38525327030262e-06
Phrae,2014,0.0,0.0,0.0,0.0,0.0,0.0,2.20224055954528e-06,0.0,0.0,0.0,0.0,0.0,2.20224055954528e-06
Phrae,2015,0.0,0.0,0.0,0.0,0.0,0.0,4.42139424246042e-06,4.42139424246042e-06,0.0,0.0,0.0,0.0,8.84278848492083e-06
Phrae,2016,0.0,0.0,0.0,0.0,0.0,0.0,0.0,0.0,0.0,0.0,0.0,0.0,0.0
Phrae,2017,0.0,0.0,0.0,0.0,0.0,0.0,0.0,0.0,0.0,0.0,0.0,0.0,0.0
Phrae,2018,0.0,0.0,0.0,0.0,2.24673661506662e-06,0.0,0.0,0.0,0.0,0.0,0.0,0.0,2.24673661506662e-06
Phrae,2019,0.0,0.0,0.0,0.0,0.0,0.0,0.0,0.0,0.0,0.0,0.0,0.0,0.0
Phrae,2020,0.0,0.0,0.0,0.0,0.0,0.0,0.0,0.0,0.0,0.0,0.0,0.0,0.0
Phuket,2011,0.0,0.0,0.0,2.82608019850387e-06,0.0,0.0,0.0,0.0,0.0,0.0,0.0,0.0,2.82608019850387e-06
Phuket,2012,0.0,0.0,0.0,2.77081226361508e-06,0.0,0.0,0.0,0.0,0.0,0.0,0.0,0.0,2.77081226361508e-06
Phuket,2013,0.0,0.0,0.0,2.70619881901484e-06,0.0,0.0,0.0,2.70619881901484e-06,0.0,0.0,0.0,0.0,5.41239763802967e-06
Phuket,2014,0.0,0.0,0.0,0.0,0.0,2.642957575245e-06,0.0,0.0,0.0,0.0,0.0,2.642957575245e-06,5.28591515049e-06
Phuket,2015,0.0,0.0,0.0,0.0,0.0,0.0,0.0,0.0,0.0,0.0,0.0,0.0,0.0
Phuket,2016,0.0,0.0,0.0,0.0,0.0,0.0,0.0,0.0,0.0,0.0,0.0,0.0,0.0
Phuket,2017,0.0,0.0,0.0,2.48745699808715e-06,2.48745699808715e-06,0.0,0.0,0.0,0.0,0.0,0.0,0.0,4.97491399617429e-06
Phuket,2018,2.43776983064813e-06,0.0,2.43776983064813e-06,0.0,0.0,0.0,0.0,0.0,0.0,0.0,0.0,0.0,4.87553966129626e-06
Phuket,2019,0.0,0.0,0.0,0.0,0.0,0.0,2.40048777911672e-06,0.0,2.40048777911672e-06,2.40048777911672e-06,0.0,0.0,7.20146333735015e-06
Phuket,2020,0.0,0.0,0.0,0.0,0.0,0.0,0.0,0.0,0.0,0.0,0.0,0.0,0.0
Prachin Buri,2011,0.0,0.0,0.0,0.0,0.0,0.0,0.0,0.0,0.0,0.0,0.0,0.0,0.0
Prachin Buri,2012,0.0,0.0,0.0,0.0,0.0,0.0,0.0,0.0,0.0,0.0,0.0,0.0,0.0
Prachin Buri,2013,0.0,0.0,0.0,0.0,0.0,0.0,0.0,0.0,0.0,0.0,0.0,0.0,0.0
Prachin Buri,2014,0.0,0.0,0.0,0.0,0.0,0.0,0.0,0.0,0.0,0.0,0.0,0.0,0.0
Prachin Buri,2015,0.0,0.0,0.0,0.0,0.0,0.0,0.0,0.0,0.0,0.0,0.0,0.0,0.0
Prachin Buri,2016,0.0,0.0,0.0,0.0,0.0,0.0,0.0,0.0,0.0,0.0,0.0,0.0,0.0
Prachin Buri,2017,0.0,0.0,0.0,0.0,0.0,0.0,0.0,0.0,0.0,0.0,0.0,0.0,0.0
Prachin Buri,2018,0.0,0.0,0.0,0.0,0.0,0.0,0.0,0.0,0.0,0.0,0.0,0.0,0.0
Prachin Buri,2019,0.0,0.0,0.0,0.0,0.0,0.0,0.0,0.0,0.0,0.0,0.0,0.0,0.0
Prachin Buri,2020,0.0,0.0,0.0,0.0,0.0,0.0,0.0,0.0,0.0,0.0,0.0,0.0,0.0
Prachuap Khiri Khan,2011,0.0,0.0,0.0,0.0,0.0,0.0,0.0,0.0,0.0,0.0,0.0,0.0,0.0
Prachuap Khiri Khan,2012,0.0,0.0,0.0,0.0,0.0,0.0,0.0,1.93404893143797e-06,0.0,0.0,0.0,1.93404893143797e-06,3.86809786287594e-06
Prachuap Khiri Khan,2013,0.0,1.9220752261802e-06,0.0,0.0,0.0,0.0,0.0,0.0,0.0,0.0,0.0,0.0,1.9220752261802e-06
Prachuap Khiri Khan,2014,0.0,0.0,0.0,0.0,0.0,0.0,0.0,0.0,0.0,1.90437377524962e-06,0.0,0.0,1.90437377524962e-06
Prachuap Khiri Khan,2015,0.0,0.0,0.0,0.0,0.0,1.8701411395518e-06,0.0,1.8701411395518e-06,1.8701411395518e-06,1.8701411395518e-06,0.0,0.0,7.48056455820721e-06
Prachuap Khiri Khan,2016,0.0,0.0,0.0,0.0,0.0,0.0,0.0,0.0,0.0,0.0,0.0,0.0,0.0
Prachuap Khiri Khan,2017,0.0,0.0,0.0,1.83830625814599e-06,0.0,0.0,0.0,0.0,0.0,0.0,0.0,1.83830625814599e-06,3.67661251629199e-06
Prachuap Khiri Khan,2018,0.0,0.0,0.0,0.0,0.0,0.0,0.0,0.0,0.0,0.0,0.0,0.0,0.0
Prachuap Khiri Khan,2019,0.0,0.0,0.0,0.0,1.8046762771694e-06,0.0,0.0,1.8046762771694e-06,0.0,0.0,0.0,0.0,3.6093525543388e-06
Prachuap Khiri Khan,2020,0.0,0.0,0.0,0.0,0.0,0.0,0.0,0.0,0.0,0.0,0.0,0.0,0.0
Ranong,2011,0.0,0.0,0.0,0.0,0.0,0.0,0.0,0.0,0.0,0.0,0.0,0.0,0.0
Ranong,2012,0.0,0.0,5.4750120450265e-06,0.0,0.0,0.0,0.0,0.0,0.0,0.0,0.0,0.0,5.4750120450265e-06
Ranong,2013,0.0,0.0,0.0,0.0,0.0,0.0,0.0,0.0,0.0,0.0,0.0,0.0,0.0
Ranong,2014,0.0,0.0,0.0,0.0,5.64687812342946e-06,0.0,0.0,0.0,0.0,0.0,0.0,0.0,5.64687812342946e-06
Ranong,2015,0.0,0.0,0.0,0.0,0.0,5.33230952990359e-06,0.0,0.0,0.0,0.0,0.0,5.33230952990359e-06,1.066461905980718e-05
Ranong,2016,0.0,0.0,0.0,0.0,0.0,0.0,0.0,0.0,0.0,0.0,0.0,0.0,0.0
Ranong,2017,0.0,0.0,0.0,0.0,0.0,0.0,0.0,0.0,0.0,0.0,0.0,0.0,0.0
Ranong,2018,0.0,0.0,0.0,0.0,0.0,0.0,0.0,0.0,0.0,0.0,0.0,0.0,0.0
Ranong,2019,0.0,0.0,0.0,5.17143300408543e-06,5.17143300408543e-06,0.0,0.0,0.0,0.0,0.0,0.0,0.0,1.034286600817086e-05
Ranong,2020,0.0,0.0,0.0,0.0,0.0,0.0,0.0,0.0,0.0,0.0,0.0,0.0,0.0
Ratchaburi,2011,0.0,0.0,0.0,0.0,0.0,0.0,1.18668445111097e-06,0.0,0.0,0.0,0.0,0.0,1.18668445111097e-06
Ratchaburi,2012,0.0,0.0,1.18115211940031e-06,1.18115211940031e-06,0.0,0.0,0.0,0.0,0.0,0.0,0.0,0.0,2.36230423880062e-06
Ratchaburi,2013,0.0,0.0,0.0,0.0,0.0,0.0,0.0,0.0,0.0,0.0,0.0,0.0,0.0
Ratchaburi,2014,0.0,0.0,0.0,0.0,0.0,0.0,0.0,0.0,2.34406956260834e-06,0.0,0.0,0.0,2.34406956260834e-06
Ratchaburi,2015,0.0,0.0,1.15222904469842e-06,0.0,1.15222904469842e-06,0.0,1.15222904469842e-06,1.15222904469842e-06,0.0,1.15222904469842e-06,0.0,0.0,5.76114522349211e-06
Ratchaburi,2016,0.0,0.0,0.0,0.0,0.0,0.0,0.0,0.0,0.0,0.0,0.0,0.0,0.0
Ratchaburi,2017,0.0,0.0,0.0,0.0,0.0,0.0,0.0,0.0,0.0,0.0,0.0,1.1471652399755e-06,1.1471652399755e-06
Ratchaburi,2018,0.0,0.0,0.0,0.0,0.0,0.0,1.14479610036656e-06,0.0,0.0,0.0,0.0,0.0,1.14479610036656e-06
Ratchaburi,2019,0.0,3.43602859233926e-06,1.14534286411309e-06,0.0,0.0,0.0,1.14534286411309e-06,0.0,0.0,0.0,0.0,0.0,5.72671432056543e-06
Ratchaburi,2020,0.0,0.0,0.0,0.0,0.0,0.0,0.0,0.0,0.0,0.0,0.0,0.0,0.0
Rayong,2011,0.0,0.0,0.0,1.56804696614273e-06,0.0,0.0,0.0,3.13609393228546e-06,1.56804696614273e-06,0.0,0.0,0.0,6.27218786457092e-06
Rayong,2012,0.0,0.0,0.0,0.0,0.0,1.5401794309037e-06,0.0,0.0,0.0,0.0,0.0,0.0,1.5401794309037e-06
Rayong,2013,0.0,0.0,0.0,0.0,0.0,0.0,0.0,0.0,0.0,0.0,0.0,0.0,0.0
Rayong,2014,0.0,0.0,0.0,0.0,0.0,0.0,0.0,0.0,1.48281491652493e-06,0.0,0.0,0.0,1.48281491652493e-06
Rayong,2015,0.0,0.0,0.0,0.0,0.0,4.35414274911865e-06,2.90276183274577e-06,0.0,0.0,0.0,0.0,0.0,7.25690458186442e-06
Rayong,2016,0.0,0.0,0.0,0.0,0.0,0.0,0.0,0.0,0.0,0.0,0.0,0.0,0.0
Rayong,2017,0.0,0.0,0.0,0.0,0.0,1.40600307071071e-06,0.0,0.0,0.0,0.0,0.0,0.0,1.40600307071071e-06
Rayong,2018,0.0,0.0,0.0,0.0,0.0,0.0,1.38252160881275e-06,0.0,0.0,0.0,0.0,0.0,1.38252160881275e-06
Rayong,2019,0.0,0.0,0.0,0.0,0.0,0.0,1.36100158828885e-06,1.36100158828885e-06,0.0,0.0,1.36100158828885e-06,1.36100158828885e-06,5.44400635315541e-06
Rayong,2020,1.34857401783354e-06,0.0,0.0,0.0,0.0,0.0,0.0,0.0,1.34857401783354e-06,0.0,0.0,0.0,2.69714803566708e-06
Roi Et,2011,0.0,0.0,0.0,0.0,7.66249469372242e-07,0.0,0.0,0.0,1.53249893874448e-06,0.0,0.0,0.0,2.29874840811673e-06
Roi Et,2012,0.0,0.0,0.0,0.0,0.0,7.64192974009797e-07,0.0,0.0,0.0,0.0,7.64192974009797e-07,0.0,1.52838594801959e-06
Roi Et,2013,0.0,0.0,0.0,0.0,0.0,0.0,0.0,0.0,0.0,0.0,0.0,0.0,0.0
Roi Et,2014,0.0,0.0,0.0,0.0,0.0,0.0,0.0,0.0,0.0,0.0,0.0,0.0,0.0
Roi Et,2015,0.0,0.0,0.0,0.0,0.0,0.0,0.0,0.0,0.0,0.0,0.0,7.6442897919683e-07,7.6442897919683e-07
Roi Et,2016,0.0,0.0,0.0,0.0,0.0,0.0,0.0,0.0,0.0,0.0,0.0,0.0,0.0
Roi Et,2017,0.0,0.0,0.0,0.0,0.0,0.0,0.0,0.0,0.0,0.0,0.0,0.0,0.0
Roi Et,2018,0.0,0.0,0.0,0.0,0.0,0.0,0.0,0.0,0.0,0.0,0.0,0.0,0.0
Roi Et,2019,0.0,0.0,0.0,0.0,0.0,0.0,7.6615964775044e-07,0.0,0.0,0.0,0.0,0.0,7.6615964775044e-07
Roi Et,2020,0.0,0.0,0.0,0.0,0.0,0.0,0.0,0.0,0.0,0.0,0.0,0.0,0.0
Sa Kaeo,2011,0.0,0.0,0.0,0.0,0.0,0.0,0.0,0.0,1.83285801215551e-06,0.0,0.0,0.0,1.83285801215551e-06
Sa Kaeo,2012,0.0,0.0,0.0,0.0,0.0,0.0,0.0,0.0,0.0,1.82367938257511e-06,0.0,0.0,1.82367938257511e-06
Sa Kaeo,2013,0.0,0.0,0.0,0.0,0.0,0.0,0.0,0.0,0.0,0.0,0.0,0.0,0.0
Sa Kaeo,2014,0.0,0.0,0.0,0.0,0.0,0.0,0.0,0.0,0.0,0.0,0.0,0.0,0.0
Sa Kaeo,2015,0.0,0.0,0.0,0.0,0.0,0.0,0.0,1.79558358262019e-06,1.79558358262019e-06,0.0,0.0,0.0,3.59116716524037e-06
Sa Kaeo,2016,0.0,0.0,0.0,0.0,0.0,0.0,0.0,0.0,0.0,0.0,0.0,0.0,0.0
Sa Kaeo,2017,0.0,0.0,0.0,0.0,0.0,1.77955575170214e-06,0.0,0.0,0.0,0.0,0.0,0.0,1.77955575170214e-06
Sa Kaeo,2018,0.0,0.0,0.0,0.0,0.0,0.0,0.0,0.0,0.0,0.0,0.0,0.0,0.0
Sa Kaeo,2019,0.0,0.0,0.0,0.0,1.76583913558643e-06,0.0,1.76583913558643e-06,1.76583913558643e-06,0.0,0.0,0.0,0.0,5.29751740675928e-06
Sa Kaeo,2020,1.78276953246869e-06,0.0,0.0,1.78276953246869e-06,0.0,0.0,0.0,0.0,0.0,0.0,0.0,0.0,3.56553906493738e-06
Sakon Nakhon,2011,0.0,0.0,0.0,0.0,0.0,0.0,8.90193715054333e-07,0.0,0.0,0.0,0.0,0.0,8.90193715054333e-07
Sakon Nakhon,2012,0.0,0.0,0.0,0.0,0.0,0.0,0.0,0.0,0.0,0.0,0.0,0.0,0.0
Sakon Nakhon,2013,0.0,0.0,0.0,0.0,8.81583888878114e-07,0.0,8.81583888878114e-07,0.0,0.0,0.0,0.0,0.0,1.76316777775623e-06
Sakon Nakhon,2014,0.0,0.0,0.0,0.0,0.0,0.0,0.0,0.0,0.0,0.0,0.0,0.0,0.0
Sakon Nakhon,2015,0.0,0.0,0.0,0.0,0.0,0.0,0.0,0.0,0.0,0.0,0.0,0.0,0.0
Sakon Nakhon,2016,0.0,0.0,0.0,0.0,0.0,0.0,0.0,0.0,0.0,0.0,0.0,0.0,0.0
Sakon Nakhon,2017,0.0,0.0,0.0,0.0,0.0,0.0,0.0,0.0,0.0,0.0,0.0,0.0,0.0
Sakon Nakhon,2018,0.0,0.0,0.0,0.0,0.0,0.0,0.0,0.0,0.0,0.0,0.0,0.0,0.0
Sakon Nakhon,2019,0.0,0.0,0.0,0.0,0.0,0.0,0.0,0.0,0.0,0.0,0.0,0.0,0.0
Sakon Nakhon,2020,0.0,0.0,0.0,0.0,0.0,0.0,0.0,0.0,0.0,0.0,0.0,0.0,0.0
Samut Prakan,2011,0.0,0.0,0.0,8.31101134203718e-07,0.0,2.4933034026111577e-06,0.0,0.0,0.0,0.0,0.0,0.0,3.32440453681488e-06
Samut Prakan,2012,0.0,0.0,0.0,0.0,0.0,0.0,0.0,8.17459629756185e-07,0.0,0.0,0.0,0.0,8.17459629756185e-07
Samut Prakan,2013,8.05405884295391e-07,0.0,0.0,0.0,8.05405884295391e-07,0.0,0.0,0.0,0.0,0.0,0.0,0.0,1.61081176859078e-06
Samut Prakan,2014,0.0,0.0,0.0,7.92688243640659e-07,0.0,0.0,0.0,0.0,0.0,0.0,0.0,7.92688243640659e-07,1.58537648728132e-06
Samut Prakan,2015,0.0,0.0,0.0,7.81671369722741e-07,0.0,0.0,0.0,7.81671369722741e-07,0.0,0.0,1.563342739445482e-06,0.0,3.126685478890961e-06
Samut Prakan,2016,7.73064574857002e-07,0.0,0.0,0.0,0.0,0.0,0.0,0.0,0.0,0.0,0.0,0.0,7.73064574857002e-07
Samut Prakan,2017,0.0,0.0,0.0,0.0,0.0,0.0,0.0,0.0,0.0,0.0,0.0,0.0,0.0
Samut Prakan,2018,0.0,0.0,0.0,0.0,0.0,0.0,7.53802178186774e-07,0.0,0.0,7.53802178186774e-07,0.0,0.0,1.507604356373548e-06
Samut Prakan,2019,0.0,0.0,0.0,0.0,7.43563528208941e-07,0.0,7.43563528208941e-07,0.0,0.0,0.0,0.0,7.43563528208941e-07,2.23069058462682e-06
Samut Prakan,2020,0.0,0.0,0.0,0.0,0.0,0.0,7.39930106202168e-07,0.0,0.0,0.0,0.0,0.0,7.39930106202168e-07
Samut Sakhon,2011,0.0,0.0,0.0,0.0,0.0,0.0,0.0,2.00361452059515e-06,0.0,0.0,0.0,0.0,2.00361452059515e-06
Samut Sakhon,2012,0.0,0.0,0.0,0.0,0.0,0.0,0.0,0.0,0.0,1.96536245214342e-06,0.0,0.0,1.96536245214342e-06
Samut Sakhon,2013,0.0,0.0,0.0,0.0,0.0,0.0,0.0,0.0,0.0,0.0,0.0,0.0,0.0
Samut Sakhon,2014,0.0,0.0,0.0,0.0,0.0,0.0,0.0,0.0,0.0,0.0,0.0,0.0,0.0
Samut Sakhon,2015,0.0,0.0,0.0,0.0,0.0,0.0,1.8333351666685e-06,0.0,0.0,0.0,1.8333351666685e-06,0.0,3.666670333337e-06
Samut Sakhon,2016,3.59247663543008e-06,0.0,0.0,0.0,0.0,0.0,0.0,0.0,0.0,1.79623831771504e-06,0.0,0.0,5.38871495314512e-06
Samut Sakhon,2017,0.0,0.0,0.0,0.0,0.0,0.0,3.51824650594144e-06,0.0,0.0,0.0,0.0,0.0,3.51824650594144e-06
Samut Sakhon,2018,1.73021157027081e-06,0.0,1.73021157027081e-06,0.0,0.0,0.0,0.0,0.0,0.0,0.0,0.0,1.73021157027081e-06,5.19063471081244e-06
Samut Sakhon,2019,0.0,0.0,0.0,1.71027000032495e-06,0.0,0.0,0.0,0.0,0.0,0.0,0.0,0.0,1.71027000032495e-06
Samut Sakhon,2020,0.0,0.0,0.0,0.0,0.0,0.0,0.0,0.0,0.0,1.70590533248948e-06,0.0,0.0,1.70590533248948e-06
Samut Songkhram,2011,0.0,0.0,0.0,0.0,0.0,0.0,0.0,0.0,0.0,0.0,0.0,0.0,0.0
Samut Songkhram,2012,0.0,5.15352346399233e-06,0.0,0.0,0.0,0.0,0.0,0.0,0.0,0.0,0.0,1.030704692798466e-05,1.546057039197703e-05
Samut Songkhram,2013,0.0,0.0,0.0,0.0,0.0,0.0,0.0,0.0,0.0,0.0,0.0,0.0,0.0
Samut Songkhram,2014,0.0,0.0,0.0,0.0,0.0,5.14962227520611e-06,0.0,0.0,0.0,0.0,0.0,0.0,5.14962227520611e-06
Samut Songkhram,2015,0.0,0.0,0.0,0.0,0.0,0.0,0.0,0.0,0.0,0.0,0.0,0.0,0.0
Samut Songkhram,2016,0.0,0.0,0.0,0.0,0.0,0.0,0.0,0.0,0.0,0.0,0.0,0.0,0.0
Samut Songkhram,2017,0.0,0.0,0.0,0.0,0.0,0.0,0.0,0.0,0.0,0.0,0.0,0.0,0.0
Samut Songkhram,2018,5.16019835802488e-06,0.0,0.0,0.0,0.0,0.0,0.0,0.0,0.0,0.0,0.0,0.0,5.16019835802488e-06
Samut Songkhram,2019,0.0,0.0,0.0,0.0,0.0,0.0,0.0,0.0,0.0,0.0,0.0,0.0,0.0
Samut Songkhram,2020,0.0,0.0,0.0,0.0,0.0,0.0,0.0,0.0,0.0,0.0,0.0,0.0,0.0
Saraburi,2011,0.0,0.0,0.0,0.0,0.0,0.0,0.0,0.0,0.0,0.0,0.0,0.0,0.0
Saraburi,2012,0.0,0.0,0.0,0.0,0.0,0.0,0.0,0.0,0.0,0.0,0.0,0.0,0.0
Saraburi,2013,0.0,0.0,0.0,0.0,0.0,1.58927935716829e-06,1.58927935716829e-06,0.0,0.0,0.0,0.0,0.0,3.17855871433658e-06
Saraburi,2014,0.0,0.0,0.0,0.0,0.0,0.0,0.0,0.0,0.0,0.0,0.0,1.57863164209263e-06,1.57863164209263e-06
Saraburi,2015,0.0,0.0,0.0,0.0,0.0,0.0,0.0,1.56820188403774e-06,3.13640376807549e-06,0.0,0.0,0.0,4.70460565211323e-06
Saraburi,2016,0.0,0.0,0.0,0.0,0.0,0.0,0.0,0.0,0.0,1.56234132470921e-06,0.0,0.0,1.56234132470921e-06
Saraburi,2017,0.0,0.0,0.0,0.0,0.0,1.55753535605258e-06,0.0,0.0,0.0,0.0,0.0,0.0,1.55753535605258e-06
Saraburi,2018,0.0,0.0,0.0,0.0,1.55032991020489e-06,1.55032991020489e-06,0.0,0.0,0.0,0.0,0.0,0.0,3.10065982040978e-06
Saraburi,2019,0.0,0.0,0.0,0.0,0.0,0.0,0.0,1.5482009131289e-06,0.0,0.0,0.0,0.0,1.5482009131289e-06
Saraburi,2020,0.0,0.0,0.0,1.55320986350392e-06,0.0,0.0,0.0,1.55320986350392e-06,0.0,0.0,0.0,0.0,3.10641972700783e-06
Satun,2011,0.0,0.0,0.0,0.0,0.0,0.0,3.31711265246279e-06,0.0,0.0,0.0,0.0,0.0,3.31711265246279e-06
Satun,2012,0.0,0.0,0.0,0.0,3.26926660542241e-06,0.0,0.0,0.0,0.0,0.0,0.0,0.0,3.26926660542241e-06
Satun,2013,0.0,0.0,0.0,0.0,0.0,0.0,3.22796189713777e-06,0.0,0.0,0.0,0.0,0.0,3.22796189713777e-06
Satun,2014,0.0,0.0,0.0,0.0,0.0,0.0,0.0,0.0,0.0,0.0,3.19822946017085e-06,0.0,3.19822946017085e-06
Satun,2015,0.0,0.0,0.0,0.0,0.0,0.0,0.0,0.0,0.0,0.0,0.0,0.0,0.0
Satun,2016,3.14849564877901e-06,0.0,0.0,0.0,0.0,0.0,0.0,0.0,0.0,3.14849564877901e-06,0.0,0.0,6.29699129755803e-06
Satun,2017,0.0,0.0,3.12793243665937e-06,3.12793243665937e-06,0.0,0.0,0.0,0.0,0.0,0.0,0.0,0.0,6.25586487331874e-06
Satun,2018,0.0,0.0,0.0,0.0,0.0,0.0,0.0,0.0,0.0,0.0,0.0,0.0,0.0
Satun,2019,0.0,0.0,0.0,0.0,0.0,0.0,0.0,0.0,0.0,0.0,0.0,0.0,0.0
Satun,2020,0.0,0.0,0.0,0.0,0.0,0.0,0.0,0.0,0.0,0.0,0.0,0.0,0.0
Si Sa Ket,2011,0.0,0.0,0.0,0.0,0.0,0.0,0.0,0.0,0.0,0.0,0.0,0.0,0.0
Si Sa Ket,2012,0.0,0.0,0.0,0.0,6.85697045331432e-07,0.0,0.0,0.0,0.0,6.85697045331432e-07,0.0,0.0,1.37139409066286e-06
Si Sa Ket,2013,0.0,0.0,0.0,0.0,0.0,0.0,0.0,6.83981428536252e-07,0.0,0.0,0.0,0.0,6.83981428536252e-07
Si Sa Ket,2014,0.0,0.0,0.0,0.0,0.0,0.0,0.0,6.82494627061048e-07,0.0,0.0,0.0,0.0,6.82494627061048e-07
Si Sa Ket,2015,0.0,0.0,0.0,0.0,0.0,6.80828813764725e-07,0.0,6.80828813764725e-07,0.0,0.0,6.80828813764725e-07,6.80828813764725e-07,2.723315255058895e-06
Si Sa Ket,2016,6.80114340822979e-07,0.0,6.80114340822979e-07,0.0,0.0,0.0,0.0,0.0,0.0,0.0,0.0,0.0,1.360228681645958e-06
Si Sa Ket,2017,0.0,0.0,0.0,0.0,0.0,0.0,0.0,0.0,0.0,0.0,0.0,0.0,0.0
Si Sa Ket,2018,0.0,0.0,0.0,0.0,0.0,0.0,0.0,6.78881556213769e-07,0.0,0.0,0.0,0.0,6.78881556213769e-07
Si Sa Ket,2019,0.0,0.0,0.0,1.35790323445761e-06,6.78951617228805e-07,6.78951617228805e-07,0.0,0.0,0.0,0.0,0.0,0.0,2.71580646891522e-06
Si Sa Ket,2020,0.0,0.0,0.0,0.0,0.0,0.0,0.0,0.0,0.0,0.0,0.0,0.0,0.0
Sing Buri,2011,0.0,0.0,0.0,0.0,0.0,0.0,0.0,0.0,0.0,0.0,0.0,0.0,0.0
Sing Buri,2012,0.0,0.0,0.0,0.0,0.0,0.0,0.0,0.0,0.0,0.0,0.0,0.0,0.0
Sing Buri,2013,0.0,0.0,0.0,0.0,0.0,0.0,0.0,0.0,0.0,0.0,0.0,0.0,0.0
Sing Buri,2014,0.0,0.0,0.0,0.0,0.0,0.0,0.0,0.0,0.0,0.0,0.0,0.0,0.0
Sing Buri,2015,0.0,0.0,0.0,0.0,0.0,0.0,0.0,0.0,0.0,0.0,0.0,0.0,0.0
Sing Buri,2016,0.0,0.0,0.0,0.0,0.0,0.0,0.0,0.0,0.0,0.0,0.0,0.0,0.0
Sing Buri,2017,0.0,0.0,0.0,0.0,0.0,0.0,0.0,0.0,0.0,0.0,0.0,0.0,0.0
Sing Buri,2018,0.0,0.0,0.0,0.0,0.0,0.0,0.0,0.0,0.0,0.0,0.0,0.0,0.0
Sing Buri,2019,0.0,0.0,0.0,0.0,0.0,0.0,0.0,0.0,0.0,0.0,0.0,0.0,0.0
Sing Buri,2020,0.0,0.0,0.0,0.0,0.0,0.0,0.0,4.85677374233844e-06,4.85677374233844e-06,0.0,0.0,0.0,9.71354748467688e-06
Songkhla,2011,7.31523544085266e-07,0.0,0.0,0.0,0.0,7.31523544085266e-07,0.0,0.0,0.0,0.0,0.0,0.0,1.46304708817053e-06
Songkhla,2012,0.0,0.0,0.0,0.0,0.0,7.25387247982335e-07,1.45077449596467e-06,0.0,0.0,1.45077449596467e-06,0.0,7.25387247982335e-07,4.35232348789401e-06
Songkhla,2013,7.1948139780846e-07,2.87792559123384e-06,7.1948139780846e-07,0.0,2.87792559123384e-06,7.1948139780846e-07,0.0,0.0,0.0,0.0,0.0,0.0,7.91429537589306e-06
Songkhla,2014,0.0,0.0,7.13621536527075e-07,0.0,0.0,0.0,0.0,0.0,0.0,0.0,0.0,0.0,7.13621536527075e-07
Songkhla,2015,0.0,0.0,0.0,0.0,0.0,0.0,0.0,1.41785950004856e-06,0.0,0.0,0.0,0.0,1.41785950004856e-06
Songkhla,2016,0.0,0.0,0.0,0.0,0.0,0.0,1.41099446890168e-06,7.05497234450841e-07,1.41099446890168e-06,2.11649170335252e-06,7.05497234450841e-07,1.41099446890168e-06,7.76046957895925e-06
Songkhla,2017,1.40426756914262e-06,0.0,0.0,7.02133784571312e-07,1.40426756914262e-06,0.0,0.0,0.0,0.0,0.0,0.0,0.0,3.51066892285656e-06
Songkhla,2018,0.0,0.0,0.0,0.0,0.0,6.98017908347457e-07,0.0,6.98017908347457e-07,0.0,6.98017908347457e-07,0.0,0.0,2.09405372504237e-06
Songkhla,2019,0.0,0.0,0.0,0.0,0.0,0.0,6.96394348620582e-07,0.0,0.0,6.96394348620582e-07,6.96394348620582e-07,1.392788697241164e-06,3.481971743102912e-06
Songkhla,2020,0.0,0.0,0.0,0.0,0.0,0.0,0.0,6.9998159048417e-07,0.0,0.0,0.0,0.0,6.9998159048417e-07
Sukhothai,2011,0.0,0.0,0.0,0.0,0.0,0.0,0.0,0.0,0.0,0.0,0.0,0.0,0.0
Sukhothai,2012,0.0,0.0,0.0,0.0,0.0,0.0,0.0,0.0,0.0,0.0,0.0,0.0,0.0
Sukhothai,2013,0.0,0.0,0.0,3.31832895590439e-06,0.0,0.0,0.0,0.0,0.0,0.0,0.0,0.0,3.31832895590439e-06
Sukhothai,2014,0.0,0.0,0.0,0.0,0.0,0.0,0.0,0.0,0.0,0.0,0.0,0.0,0.0
Sukhothai,2015,0.0,0.0,0.0,0.0,0.0,0.0,0.0,0.0,0.0,0.0,0.0,0.0,0.0
Sukhothai,2016,0.0,0.0,0.0,0.0,0.0,0.0,0.0,1.66602524694659e-06,0.0,0.0,0.0,0.0,1.66602524694659e-06
Sukhothai,2017,0.0,0.0,0.0,0.0,0.0,0.0,0.0,0.0,0.0,0.0,0.0,0.0,0.0
Sukhothai,2018,0.0,0.0,0.0,0.0,0.0,0.0,0.0,0.0,0.0,0.0,0.0,0.0,0.0
Sukhothai,2019,0.0,0.0,0.0,0.0,0.0,0.0,0.0,0.0,0.0,0.0,0.0,0.0,0.0
Sukhothai,2020,1.70101874012346e-06,0.0,0.0,1.70101874012346e-06,0.0,0.0,0.0,0.0,0.0,0.0,0.0,0.0,3.40203748024692e-06
Suphan Buri,2011,0.0,0.0,0.0,0.0,0.0,0.0,0.0,0.0,0.0,0.0,0.0,0.0,0.0
Suphan Buri,2012,0.0,0.0,0.0,0.0,0.0,0.0,0.0,0.0,0.0,0.0,0.0,0.0,0.0
Suphan Buri,2013,0.0,0.0,0.0,0.0,0.0,0.0,0.0,0.0,0.0,0.0,0.0,0.0,0.0
Suphan Buri,2014,0.0,0.0,0.0,0.0,0.0,0.0,0.0,0.0,0.0,0.0,0.0,0.0,0.0
Suphan Buri,2015,0.0,0.0,0.0,0.0,0.0,0.0,0.0,0.0,0.0,0.0,0.0,0.0,0.0
Suphan Buri,2016,0.0,0.0,0.0,0.0,0.0,0.0,0.0,0.0,0.0,0.0,0.0,0.0,0.0
Suphan Buri,2017,0.0,0.0,0.0,0.0,0.0,0.0,0.0,0.0,0.0,0.0,0.0,0.0,0.0
Suphan Buri,2018,0.0,0.0,0.0,0.0,0.0,0.0,0.0,0.0,2.35648977283438e-06,0.0,0.0,0.0,2.35648977283438e-06
Suphan Buri,2019,1.18156661554422e-06,0.0,0.0,0.0,0.0,0.0,0.0,0.0,0.0,0.0,0.0,0.0,1.18156661554422e-06
Suphan Buri,2020,0.0,0.0,0.0,0.0,0.0,0.0,0.0,0.0,0.0,0.0,1.19242381604239e-06,0.0,1.19242381604239e-06
Surat Thani,2011,0.0,0.0,0.0,0.0,0.0,0.0,0.0,0.0,9.88079805229709e-07,0.0,0.0,0.0,9.88079805229709e-07
Surat Thani,2012,0.0,0.0,0.0,0.0,9.77241988570178e-07,0.0,0.0,0.0,0.0,0.0,1.95448397714036e-06,0.0,2.93172596571053e-06
Surat Thani,2013,0.0,0.0,0.0,9.69168802068594e-07,0.0,0.0,1.93833760413719e-06,0.0,0.0,0.0,0.0,0.0,2.90750640620578e-06
Surat Thani,2014,0.0,0.0,0.0,0.0,0.0,9.61325860626977e-07,0.0,0.0,0.0,1.92265172125395e-06,0.0,0.0,2.88397758188093e-06
Surat Thani,2015,0.0,0.0,0.0,0.0,0.0,9.55317872468885e-07,0.0,0.0,0.0,0.0,0.0,0.0,9.55317872468885e-07
Surat Thani,2016,0.0,0.0,0.0,0.0,0.0,0.0,0.0,0.0,0.0,0.0,0.0,0.0,0.0
Surat Thani,2017,9.45554052124613e-07,0.0,9.45554052124613e-07,0.0,0.0,0.0,0.0,0.0,0.0,0.0,0.0,0.0,1.89110810424923e-06
Surat Thani,2018,9.40290606214757e-07,0.0,0.0,0.0,0.0,0.0,0.0,0.0,0.0,0.0,0.0,0.0,9.40290606214757e-07
Surat Thani,2019,0.0,0.0,0.0,0.0,0.0,0.0,0.0,9.36320820966096e-07,0.0,0.0,0.0,0.0,9.36320820966096e-07
Surat Thani,2020,0.0,0.0,0.0,0.0,0.0,0.0,0.0,0.0,0.0,0.0,0.0,0.0,0.0
Surin,2011,0.0,0.0,0.0,0.0,0.0,0.0,0.0,7.24428226911205e-07,0.0,0.0,0.0,0.0,7.24428226911205e-07
Surin,2012,0.0,0.0,0.0,0.0,0.0,0.0,7.2135655428172e-07,7.2135655428172e-07,0.0,0.0,0.0,0.0,1.44271310856344e-06
Surin,2013,0.0,1.44072082144138e-06,0.0,7.20360410720692e-07,0.0,0.0,1.44072082144138e-06,0.0,0.0,0.0,0.0,0.0,3.60180205360346e-06
Surin,2014,0.0,0.0,0.0,0.0,0.0,0.0,0.0,0.0,0.0,0.0,0.0,0.0,0.0
Surin,2015,0.0,0.0,0.0,0.0,7.16833545516063e-07,0.0,0.0,7.16833545516063e-07,0.0,0.0,0.0,0.0,1.43366709103213e-06
Surin,2016,0.0,0.0,0.0,0.0,0.0,0.0,7.16554633349742e-07,1.43310926669948e-06,7.16554633349742e-07,0.0,0.0,0.0,2.86621853339897e-06
Surin,2017,0.0,0.0,0.0,0.0,0.0,0.0,0.0,0.0,0.0,0.0,0.0,0.0,0.0
Surin,2018,0.0,0.0,0.0,0.0,0.0,0.0,0.0,7.15380757831452e-07,0.0,7.15380757831452e-07,0.0,0.0,1.4307615156629e-06
Surin,2019,0.0,0.0,7.15906219148916e-07,0.0,0.0,0.0,0.0,7.15906219148916e-07,0.0,0.0,0.0,0.0,1.431812438297832e-06
Surin,2020,0.0,0.0,0.0,0.0,0.0,0.0,0.0,0.0,0.0,0.0,0.0,0.0,0.0
Tak,2011,0.0,0.0,0.0,0.0,0.0,0.0,1.88317533492273e-06,1.88317533492273e-06,0.0,0.0,0.0,0.0,3.76635066984546e-06
Tak,2012,0.0,0.0,0.0,0.0,0.0,5.70293415962513e-06,0.0,0.0,1.90097805320838e-06,0.0,0.0,0.0,7.60391221283351e-06
Tak,2013,0.0,0.0,0.0,0.0,1.87845283111018e-06,0.0,0.0,0.0,0.0,0.0,0.0,0.0,1.87845283111018e-06
Tak,2014,0.0,0.0,0.0,0.0,0.0,0.0,0.0,0.0,0.0,0.0,0.0,0.0,0.0
Tak,2015,0.0,0.0,0.0,0.0,0.0,0.0,0.0,1.61712339621787e-06,0.0,0.0,0.0,0.0,1.61712339621787e-06
Tak,2016,0.0,0.0,0.0,0.0,0.0,0.0,0.0,0.0,0.0,0.0,1.58236611204734e-06,0.0,1.58236611204734e-06
Tak,2017,0.0,0.0,1.55215151482227e-06,0.0,0.0,1.55215151482227e-06,0.0,0.0,0.0,0.0,0.0,0.0,3.10430302964454e-06
Tak,2018,0.0,0.0,0.0,0.0,0.0,0.0,4.58241939524283e-06,0.0,0.0,1.52747313174761e-06,0.0,0.0,6.10989252699045e-06
Tak,2019,0.0,0.0,0.0,0.0,0.0,0.0,0.0,0.0,0.0,0.0,0.0,0.0,0.0
Tak,2020,0.0,0.0,0.0,0.0,0.0,0.0,1.49194721490754e-06,0.0,0.0,0.0,0.0,0.0,1.49194721490754e-06
Trang,2011,0.0,0.0,0.0,0.0,0.0,0.0,0.0,0.0,0.0,0.0,0.0,0.0,0.0
Trang,2012,0.0,0.0,0.0,0.0,0.0,0.0,0.0,0.0,0.0,0.0,0.0,0.0,0.0
Trang,2013,0.0,0.0,0.0,0.0,0.0,0.0,0.0,0.0,0.0,0.0,0.0,0.0,0.0
Trang,2014,0.0,0.0,0.0,0.0,0.0,0.0,0.0,0.0,0.0,0.0,0.0,0.0,0.0
Trang,2015,0.0,0.0,0.0,0.0,0.0,0.0,0.0,0.0,0.0,0.0,0.0,1.56056636074364e-06,1.56056636074364e-06
Trang,2016,0.0,1.55839946141715e-06,0.0,0.0,0.0,0.0,1.55839946141715e-06,0.0,0.0,0.0,0.0,1.55839946141715e-06,4.67519838425144e-06
Trang,2017,0.0,0.0,0.0,0.0,0.0,0.0,3.11007165605096e-06,0.0,0.0,0.0,0.0,0.0,3.11007165605096e-06
Trang,2018,0.0,0.0,0.0,0.0,0.0,3.10985887460427e-06,0.0,0.0,0.0,0.0,0.0,0.0,3.10985887460427e-06
Trang,2019,0.0,0.0,0.0,0.0,0.0,0.0,0.0,0.0,0.0,0.0,0.0,0.0,0.0
Trang,2020,0.0,0.0,0.0,0.0,0.0,0.0,3.12219977707494e-06,0.0,0.0,0.0,0.0,0.0,3.12219977707494e-06
Trat,2011,0.0,0.0,0.0,0.0,0.0,0.0,0.0,0.0,0.0,0.0,0.0,0.0,0.0
Trat,2012,0.0,0.0,0.0,0.0,0.0,0.0,0.0,0.0,0.0,0.0,0.0,0.0,0.0
Trat,2013,0.0,0.0,0.0,0.0,0.0,0.0,0.0,4.46408642471318e-06,0.0,0.0,0.0,0.0,4.46408642471318e-06
Trat,2014,0.0,0.0,0.0,0.0,0.0,0.0,0.0,0.0,0.0,0.0,0.0,0.0,0.0
Trat,2015,0.0,0.0,0.0,0.0,4.35853291781986e-06,0.0,4.35853291781986e-06,0.0,4.35853291781986e-06,0.0,4.35853291781986e-06,0.0,1.74341316712794e-05
Trat,2016,0.0,0.0,0.0,0.0,0.0,0.0,4.35849492453266e-06,4.35849492453266e-06,0.0,0.0,0.0,0.0,8.71698984906532e-06
Trat,2017,0.0,0.0,0.0,0.0,0.0,0.0,0.0,0.0,0.0,0.0,0.0,0.0,0.0
Trat,2018,0.0,0.0,0.0,0.0,0.0,0.0,0.0,0.0,0.0,0.0,0.0,0.0,0.0
Trat,2019,0.0,0.0,0.0,0.0,0.0,0.0,0.0,0.0,0.0,0.0,0.0,0.0,0.0
Trat,2020,0.0,0.0,0.0,0.0,0.0,0.0,0.0,4.37567823012567e-06,0.0,0.0,0.0,0.0,4.37567823012567e-06
Ubon Ratchathani,2011,0.0,0.0,0.0,0.0,0.0,0.0,0.0,0.0,0.0,0.0,0.0,0.0,0.0
Ubon Ratchathani,2012,0.0,0.0,0.0,0.0,5.47369342937841e-07,0.0,0.0,0.0,0.0,0.0,0.0,0.0,5.47369342937841e-07
Ubon Ratchathani,2013,0.0,1.08901440384901e-06,0.0,0.0,5.44507201924506e-07,0.0,0.0,0.0,0.0,0.0,0.0,0.0,1.633521605773516e-06
Ubon Ratchathani,2014,0.0,0.0,0.0,0.0,0.0,0.0,0.0,0.0,0.0,0.0,0.0,0.0,0.0
Ubon Ratchathani,2015,0.0,0.0,0.0,0.0,5.38378586745442e-07,0.0,5.38378586745442e-07,5.38378586745442e-07,1.07675717349088e-06,5.38378586745442e-07,0.0,0.0,3.2302715204726523e-06
Ubon Ratchathani,2016,0.0,0.0,0.0,0.0,0.0,0.0,0.0,0.0,0.0,0.0,0.0,0.0,0.0
Ubon Ratchathani,2017,0.0,0.0,0.0,0.0,5.3486432898863e-07,0.0,0.0,0.0,0.0,0.0,0.0,0.0,5.3486432898863e-07
Ubon Ratchathani,2018,0.0,0.0,0.0,1.06692386644674e-06,5.33461933223369e-07,0.0,0.0,0.0,0.0,0.0,0.0,0.0,1.6003857996701092e-06
Ubon Ratchathani,2019,5.32439970055576e-07,0.0,0.0,0.0,3.727079790389036e-06,2.1297598802223e-06,5.32439970055576e-07,0.0,0.0,0.0,0.0,0.0,6.92171961072249e-06
Ubon Ratchathani,2020,0.0,0.0,0.0,0.0,0.0,0.0,5.35705580498603e-07,0.0,0.0,0.0,0.0,0.0,5.35705580498603e-07
Udon Thani,2011,0.0,0.0,0.0,0.0,0.0,0.0,0.0,0.0,0.0,0.0,0.0,0.0,0.0
Udon Thani,2012,0.0,0.0,0.0,0.0,0.0,0.0,0.0,0.0,0.0,0.0,0.0,0.0,0.0
Udon Thani,2013,0.0,0.0,0.0,0.0,0.0,0.0,6.39400906926246e-07,0.0,0.0,0.0,0.0,0.0,6.39400906926246e-07
Udon Thani,2014,0.0,0.0,0.0,0.0,0.0,0.0,0.0,0.0,0.0,0.0,0.0,0.0,0.0
Udon Thani,2015,0.0,0.0,0.0,0.0,0.0,0.0,0.0,0.0,0.0,0.0,0.0,0.0,0.0
Udon Thani,2016,0.0,0.0,0.0,0.0,0.0,0.0,0.0,0.0,0.0,0.0,0.0,0.0,0.0
Udon Thani,2017,0.0,0.0,0.0,0.0,0.0,0.0,0.0,0.0,0.0,0.0,0.0,0.0,0.0
Udon Thani,2018,0.0,0.0,0.0,0.0,0.0,0.0,0.0,0.0,0.0,0.0,6.30252365652254e-07,0.0,6.30252365652254e-07
Udon Thani,2019,0.0,0.0,0.0,0.0,0.0,0.0,0.0,0.0,0.0,0.0,0.0,0.0,0.0
Udon Thani,2020,0.0,0.0,0.0,0.0,0.0,1.27552403310495e-06,0.0,0.0,0.0,0.0,0.0,0.0,1.27552403310495e-06
Uthai Thani,2011,0.0,0.0,0.0,0.0,0.0,0.0,0.0,0.0,0.0,0.0,0.0,0.0,0.0
Uthai Thani,2012,0.0,0.0,0.0,0.0,0.0,0.0,0.0,0.0,0.0,0.0,0.0,0.0,0.0
Uthai Thani,2013,0.0,0.0,0.0,0.0,0.0,0.0,3.0345698193824e-06,0.0,0.0,0.0,0.0,0.0,3.0345698193824e-06
Uthai Thani,2014,0.0,0.0,0.0,0.0,0.0,0.0,0.0,0.0,0.0,0.0,0.0,0.0,0.0
Uthai Thani,2015,0.0,0.0,0.0,0.0,0.0,0.0,0.0,0.0,0.0,0.0,0.0,0.0,0.0
Uthai Thani,2016,0.0,0.0,0.0,0.0,0.0,0.0,0.0,0.0,0.0,0.0,0.0,0.0,0.0
Uthai Thani,2017,0.0,0.0,0.0,0.0,0.0,0.0,0.0,0.0,0.0,0.0,0.0,0.0,0.0
Uthai Thani,2018,0.0,0.0,0.0,0.0,0.0,0.0,0.0,0.0,0.0,0.0,0.0,0.0,0.0
Uthai Thani,2019,0.0,0.0,0.0,0.0,0.0,0.0,0.0,0.0,0.0,0.0,0.0,0.0,0.0
Uthai Thani,2020,0.0,0.0,0.0,0.0,0.0,0.0,0.0,0.0,0.0,0.0,0.0,0.0,0.0
Uttaradit,2011,0.0,0.0,0.0,0.0,0.0,2.16900919659899e-06,0.0,0.0,0.0,0.0,0.0,0.0,2.16900919659899e-06
Uttaradit,2012,0.0,0.0,0.0,0.0,0.0,0.0,0.0,0.0,0.0,0.0,0.0,0.0,0.0
Uttaradit,2013,0.0,0.0,0.0,0.0,0.0,0.0,0.0,0.0,0.0,0.0,0.0,0.0,0.0
Uttaradit,2014,0.0,0.0,0.0,0.0,0.0,0.0,0.0,0.0,0.0,0.0,0.0,0.0,0.0
Uttaradit,2015,0.0,0.0,0.0,0.0,0.0,0.0,0.0,2.17501000504602e-06,0.0,0.0,0.0,0.0,2.17501000504602e-06
Uttaradit,2016,0.0,0.0,2.1824673666567e-06,0.0,0.0,0.0,0.0,0.0,0.0,0.0,0.0,0.0,2.1824673666567e-06
Uttaradit,2017,0.0,0.0,0.0,0.0,0.0,2.18774338645174e-06,0.0,0.0,0.0,0.0,0.0,0.0,2.18774338645174e-06
Uttaradit,2018,0.0,0.0,0.0,0.0,0.0,0.0,0.0,2.19585729562607e-06,0.0,0.0,0.0,0.0,2.19585729562607e-06
Uttaradit,2019,0.0,0.0,0.0,0.0,0.0,2.20700370555922e-06,0.0,0.0,0.0,0.0,0.0,0.0,2.20700370555922e-06
Uttaradit,2020,0.0,0.0,0.0,0.0,0.0,0.0,0.0,4.45687417129996e-06,0.0,0.0,0.0,0.0,4.45687417129996e-06
Yala,2011,0.0,0.0,0.0,0.0,0.0,0.0,0.0,0.0,0.0,0.0,0.0,0.0,0.0
Yala,2012,0.0,0.0,0.0,0.0,0.0,0.0,0.0,0.0,0.0,0.0,0.0,0.0,0.0
Yala,2013,0.0,1.97574574523154e-06,0.0,0.0,0.0,0.0,0.0,0.0,0.0,0.0,0.0,0.0,1.97574574523154e-06
Yala,2014,0.0,0.0,0.0,0.0,0.0,0.0,0.0,0.0,0.0,0.0,0.0,0.0,0.0
Yala,2015,0.0,0.0,0.0,0.0,0.0,0.0,0.0,0.0,0.0,0.0,0.0,0.0,0.0
Yala,2016,0.0,0.0,0.0,0.0,0.0,0.0,1.91468544590152e-06,0.0,0.0,1.91468544590152e-06,1.91468544590152e-06,0.0,5.74405633770456e-06
Yala,2017,0.0,3.79294322912222e-06,0.0,0.0,0.0,0.0,0.0,1.89647161456111e-06,0.0,0.0,0.0,0.0,5.68941484368333e-06
Yala,2018,0.0,0.0,0.0,0.0,0.0,0.0,0.0,0.0,0.0,0.0,0.0,0.0,0.0
Yala,2019,0.0,0.0,0.0,0.0,0.0,0.0,0.0,0.0,1.86452370741894e-06,0.0,0.0,0.0,1.86452370741894e-06
Yala,2020,0.0,1.85665853450229e-06,0.0,0.0,0.0,0.0,0.0,0.0,0.0,0.0,0.0,0.0,1.85665853450229e-06
Yasothon,2011,0.0,0.0,0.0,0.0,0.0,0.0,0.0,0.0,0.0,0.0,0.0,0.0,0.0
Yasothon,2012,0.0,0.0,0.0,0.0,0.0,0.0,0.0,0.0,1.85093666650008e-06,0.0,0.0,0.0,1.85093666650008e-06
Yasothon,2013,0.0,0.0,0.0,0.0,0.0,0.0,0.0,0.0,0.0,0.0,0.0,0.0,0.0
Yasothon,2014,0.0,0.0,0.0,0.0,0.0,0.0,0.0,0.0,0.0,0.0,0.0,0.0,0.0
Yasothon,2015,1.85122791947899e-06,0.0,0.0,0.0,0.0,0.0,1.85122791947899e-06,0.0,0.0,0.0,0.0,0.0,3.70245583895798e-06
Yasothon,2016,0.0,0.0,0.0,0.0,0.0,0.0,0.0,0.0,0.0,0.0,0.0,0.0,0.0
Yasothon,2017,0.0,0.0,0.0,0.0,0.0,0.0,0.0,0.0,0.0,0.0,0.0,0.0,0.0
Yasothon,2018,0.0,0.0,0.0,0.0,0.0,0.0,0.0,0.0,0.0,0.0,0.0,0.0,0.0
Yasothon,2019,0.0,0.0,0.0,0.0,0.0,0.0,0.0,0.0,0.0,0.0,0.0,0.0,0.0
Yasothon,2020,0.0,0.0,0.0,0.0,0.0,0.0,0.0,0.0,0.0,0.0,0.0,0.0,0.0
